filename,mfcc_mean,chroma_mean,mel_mean
03-01-01-01-01-01-01.wav,-32.81079,0.5494044,0.0036071092
03-01-01-01-01-02-01.wav,-32.48321,0.5816983,0.0041848943
03-01-01-01-02-01-01.wav,-32.551487,0.5715769,0.005791285
03-01-01-01-02-02-01.wav,-31.900534,0.5762361,0.005318274
03-01-02-01-01-01-01.wav,-33.839024,0.547535,0.0019852943
03-01-02-01-01-02-01.wav,-32.80628,0.5491694,0.0021741907
03-01-02-01-02-01-01.wav,-32.24363,0.5560873,0.0039085695
03-01-02-01-02-02-01.wav,-32.013226,0.563323,0.0045919814
03-01-02-02-01-01-01.wav,-33.179905,0.55052894,0.001339917
03-01-02-02-01-02-01.wav,-32.64762,0.55678475,0.0015822632
03-01-02-02-02-01-01.wav,-32.41506,0.5243148,0.0019664923
03-01-02-02-02-02-01.wav,-32.389935,0.5040267,0.0025222444
03-01-03-01-01-01-01.wav,-31.606396,0.5714049,0.011743776
03-01-03-01-01-02-01.wav,-30.023193,0.5510182,0.015568796
03-01-03-01-02-01-01.wav,-31.67828,0.51714545,0.009408476
03-01-03-01-02-02-01.wav,-31.14579,0.5284239,0.007890431
03-01-03-02-01-01-01.wav,-31.671846,0.48572916,0.027226007
03-01-03-02-01-02-01.wav,-29.34369,0.46126658,0.046173565
03-01-03-02-02-01-01.wav,-27.949669,0.4746317,0.066861816
03-01-03-02-02-02-01.wav,-29.16774,0.49303177,0.057416905
03-01-04-01-01-01-01.wav,-33.181637,0.46391296,0.003114183
03-01-04-01-01-02-01.wav,-32.766273,0.53322667,0.0027477776
03-01-04-01-02-01-01.wav,-35.455986,0.56059116,0.0020643005
03-01-04-01-02-02-01.wav,-33.798733,0.542812,0.0033888216
03-01-04-02-01-01-01.wav,-31.392523,0.54545045,0.005099145
03-01-04-02-01-02-01.wav,-32.147415,0.5151781,0.016889468
03-01-04-02-02-01-01.wav,-31.60776,0.49058977,0.015681708
03-01-04-02-02-02-01.wav,-31.007883,0.48354125,0.020726273
03-01-05-01-01-01-01.wav,-27.943483,0.4713962,0.049056623
03-01-05-01-01-02-01.wav,-28.849743,0.49165985,0.052962627
03-01-05-01-02-01-01.wav,-29.212202,0.53806466,0.031335197
03-01-05-01-02-02-01.wav,-27.656925,0.50158364,0.07226003
03-01-05-02-01-01-01.wav,-21.727268,0.4745483,1.6316234
03-01-05-02-01-02-01.wav,-24.469093,0.3738584,0.59418046
03-01-05-02-02-01-01.wav,-24.349691,0.46418646,0.5900772
03-01-05-02-02-02-01.wav,-20.204811,0.4017152,4.2820315
03-01-06-01-01-01-01.wav,-27.413473,0.5053587,0.023318803
03-01-06-01-01-02-01.wav,-31.089016,0.4804921,0.019661382
03-01-06-01-02-01-01.wav,-26.651743,0.5622301,0.014900873
03-01-06-01-02-02-01.wav,-29.168922,0.52857995,0.012201263
03-01-06-02-01-01-01.wav,-21.533846,0.43830213,0.21488473
03-01-06-02-01-02-01.wav,-23.998112,0.38806704,0.34375614
03-01-06-02-02-01-01.wav,-23.06932,0.4163628,0.82775974
03-01-06-02-02-02-01.wav,-24.781734,0.40007493,0.3920786
03-01-07-01-01-01-01.wav,-32.15323,0.44946298,0.004442125
03-01-07-01-01-02-01.wav,-31.637638,0.50708467,0.006233161
03-01-07-01-02-01-01.wav,-31.813244,0.5233826,0.004222708
03-01-07-01-02-02-01.wav,-32.707066,0.5193902,0.0053147483
03-01-07-02-01-01-01.wav,-28.686079,0.4340613,0.096765876
03-01-07-02-01-02-01.wav,-29.096745,0.4582888,0.09716741
03-01-07-02-02-01-01.wav,-29.553339,0.46738604,0.08104191
03-01-07-02-02-02-01.wav,-28.127054,0.5065628,0.08174228
03-01-08-01-01-01-01.wav,-33.12215,0.56798244,0.0076859784
03-01-08-01-01-02-01.wav,-33.55087,0.57071024,0.0074171126
03-01-08-01-02-01-01.wav,-32.219696,0.56134546,0.00791236
03-01-08-01-02-02-01.wav,-33.942474,0.51911867,0.010483905
03-01-08-02-01-01-01.wav,-30.95568,0.48117483,0.03358611
03-01-08-02-01-02-01.wav,-29.454153,0.429391,0.061623566
03-01-08-02-02-01-01.wav,-31.152662,0.5134211,0.028038248
03-01-08-02-02-02-01.wav,-30.23566,0.5448786,0.05824831
03-01-01-01-01-01-02.wav,-32.68972,0.4086226,0.008696503
03-01-01-01-01-02-02.wav,-32.54766,0.42531496,0.008074622
03-01-01-01-02-01-02.wav,-32.02178,0.44837955,0.01889554
03-01-01-01-02-02-02.wav,-33.75501,0.4334919,0.015180824
03-01-02-01-01-01-02.wav,-32.94564,0.4508864,0.0069283117
03-01-02-01-01-02-02.wav,-34.268784,0.32876274,0.007080515
03-01-02-01-02-01-02.wav,-34.66591,0.36388955,0.00806776
03-01-02-01-02-02-02.wav,-35.679344,0.42600393,0.0077517587
03-01-02-02-01-01-02.wav,-33.9277,0.463242,0.005182026
03-01-02-02-01-02-02.wav,-34.63119,0.3648147,0.005983751
03-01-02-02-02-01-02.wav,-35.82771,0.3717592,0.006974697
03-01-02-02-02-02-02.wav,-35.25608,0.3240063,0.005909269
03-01-03-01-01-01-02.wav,-31.41348,0.49259958,0.030559143
03-01-03-01-01-02-02.wav,-31.776007,0.45985076,0.022900762
03-01-03-01-02-01-02.wav,-33.19302,0.3737677,0.029255291
03-01-03-01-02-02-02.wav,-31.639133,0.47617373,0.028408365
03-01-03-02-01-01-02.wav,-28.713621,0.37277022,0.19202214
03-01-03-02-01-02-02.wav,-27.922926,0.40034968,0.19982411
03-01-03-02-02-01-02.wav,-31.006678,0.4026552,0.088928565
03-01-03-02-02-02-02.wav,-30.868338,0.3552941,0.10184524
03-01-04-01-01-01-02.wav,-35.219913,0.3313596,0.0049479967
03-01-04-01-01-02-02.wav,-34.314465,0.34300104,0.0066853566
03-01-04-01-02-01-02.wav,-34.688324,0.35094544,0.007564201
03-01-04-01-02-02-02.wav,-35.137043,0.35618544,0.006544958
03-01-04-02-01-01-02.wav,-35.226654,0.39296734,0.0060059493
03-01-04-02-01-02-02.wav,-35.244473,0.3820918,0.004140245
03-01-04-02-02-01-02.wav,-36.433105,0.39068168,0.009456412
03-01-04-02-02-02-02.wav,-35.96765,0.36822438,0.0063860035
03-01-05-01-01-01-02.wav,-29.120207,0.39464718,0.03117204
03-01-05-01-01-02-02.wav,-27.696676,0.45353612,0.034480378
03-01-05-01-02-01-02.wav,-30.661074,0.4302848,0.038401984
03-01-05-01-02-02-02.wav,-31.149315,0.40683645,0.04084663
03-01-05-02-01-01-02.wav,-24.73002,0.37589005,0.34022397
03-01-05-02-01-02-02.wav,-26.10465,0.397445,0.20160483
03-01-05-02-02-01-02.wav,-26.35003,0.419099,1.171548
03-01-05-02-02-02-02.wav,-26.072721,0.38623336,0.86486965
03-01-06-01-01-01-02.wav,-32.58446,0.3901807,0.03470043
03-01-06-01-01-02-02.wav,-32.02773,0.361824,0.038238812
03-01-06-01-02-01-02.wav,-32.125816,0.42335725,0.043190863
03-01-06-01-02-02-02.wav,-32.557056,0.40614012,0.041805826
03-01-06-02-01-01-02.wav,-28.813227,0.41196063,0.12227423
03-01-06-02-01-02-02.wav,-27.453176,0.38344565,0.18552488
03-01-06-02-02-01-02.wav,-27.85499,0.37647027,0.20223571
03-01-06-02-02-02-02.wav,-26.629677,0.4140149,0.16133611
03-01-07-01-01-01-02.wav,-32.91067,0.3479608,0.0065583824
03-01-07-01-01-02-02.wav,-33.67441,0.3962463,0.005969965
03-01-07-01-02-01-02.wav,-32.828865,0.34094062,0.013279971
03-01-07-01-02-02-02.wav,-34.344097,0.41555744,0.011650498
03-01-07-02-01-01-02.wav,-32.15285,0.38154876,0.018536644
03-01-07-02-01-02-02.wav,-30.718384,0.4732568,0.0247274
03-01-07-02-02-01-02.wav,-31.409714,0.3366869,0.033657957
03-01-07-02-02-02-02.wav,-31.054039,0.47085935,0.034666043
03-01-08-01-01-01-02.wav,-29.385303,0.4168863,0.02991035
03-01-08-01-01-02-02.wav,-31.933083,0.46065593,0.01741387
03-01-08-01-02-01-02.wav,-31.994287,0.4445904,0.02632566
03-01-08-01-02-02-02.wav,-32.012035,0.43165898,0.027678035
03-01-08-02-01-01-02.wav,-28.187765,0.44368234,0.04444547
03-01-08-02-01-02-02.wav,-28.766586,0.5017426,0.04157389
03-01-08-02-02-01-02.wav,-29.475386,0.4494293,0.07463603
03-01-08-02-02-02-02.wav,-30.178532,0.43137124,0.091457605
03-01-01-01-01-01-03.wav,-30.671911,0.41672745,0.011461959
03-01-01-01-01-02-03.wav,-26.552351,0.53649527,0.009118995
03-01-01-01-02-01-03.wav,-30.75944,0.48378968,0.010621702
03-01-01-01-02-02-03.wav,-30.25581,0.493573,0.014437359
03-01-02-01-01-01-03.wav,-29.731482,0.4594917,0.0042921207
03-01-02-01-01-02-03.wav,-30.691961,0.41074657,0.0051155337
03-01-02-01-02-01-03.wav,-30.010658,0.47209224,0.0042209914
03-01-02-01-02-02-03.wav,-27.558828,0.47307009,0.02998464
03-01-02-02-01-01-03.wav,-27.024944,0.4523284,0.011464084
03-01-02-02-01-02-03.wav,-26.142385,0.41755792,0.035074998
03-01-02-02-02-01-03.wav,-24.439545,0.48090044,0.03731341
03-01-02-02-02-02-03.wav,-25.534763,0.46757358,0.033903986
03-01-03-01-01-01-03.wav,-28.241234,0.4557873,0.0368901
03-01-03-01-01-02-03.wav,-28.718416,0.43455404,0.06714741
03-01-03-01-02-01-03.wav,-29.38085,0.38746357,0.05894088
03-01-03-01-02-02-03.wav,-29.713865,0.3340011,0.028372629
03-01-03-02-01-01-03.wav,-25.075,0.43056688,0.31518653
03-01-03-02-01-02-03.wav,-24.723385,0.38452744,0.6969035
03-01-03-02-02-01-03.wav,-21.576977,0.37958923,1.0047954
03-01-03-02-02-02-03.wav,-23.259808,0.40926394,0.3215298
03-01-04-01-01-01-03.wav,-31.53134,0.48116565,0.003523786
03-01-04-01-01-02-03.wav,-31.046291,0.5331492,0.0029772841
03-01-04-01-02-01-03.wav,-29.007591,0.476763,0.008625446
03-01-04-01-02-02-03.wav,-28.426073,0.5137336,0.0071530803
03-01-04-02-01-01-03.wav,-30.394001,0.42993733,0.08267161
03-01-04-02-01-02-03.wav,-26.904657,0.3967287,0.17067917
03-01-04-02-02-01-03.wav,-22.627531,0.43137202,0.23418398
03-01-04-02-02-02-03.wav,-24.24081,0.3893974,0.13374579
03-01-05-01-01-01-03.wav,-28.941858,0.52570814,0.0033199154
03-01-05-01-01-02-03.wav,-25.94054,0.47389764,0.052352905
03-01-05-01-02-01-03.wav,-27.193071,0.4431633,0.029105125
03-01-05-01-02-02-03.wav,-26.020258,0.4563459,0.06990484
03-01-05-02-01-01-03.wav,-19.032106,0.4457542,1.6368432
03-01-05-02-01-02-03.wav,-18.363937,0.43711478,1.5887873
03-01-05-02-02-01-03.wav,-19.438892,0.44613105,1.3289487
03-01-05-02-02-02-03.wav,-18.35531,0.43775603,2.1965938
03-01-06-01-01-01-03.wav,-28.886568,0.5022126,0.009142598
03-01-06-01-01-02-03.wav,-28.111128,0.42630425,0.028496552
03-01-06-01-02-01-03.wav,-28.309204,0.4668099,0.040803876
03-01-06-01-02-02-03.wav,-27.557549,0.4946345,0.032157928
03-01-06-02-01-01-03.wav,-16.193636,0.48627484,0.30871928
03-01-06-02-01-02-03.wav,-19.921396,0.36640114,1.1281937
03-01-06-02-02-01-03.wav,-20.274008,0.4288646,0.42660522
03-01-06-02-02-02-03.wav,-20.624184,0.4144788,0.75434315
03-01-07-01-01-01-03.wav,-27.70254,0.47991762,0.017984726
03-01-07-01-01-02-03.wav,-28.943575,0.5101076,0.007866814
03-01-07-01-02-01-03.wav,-29.392609,0.5091425,0.0070665167
03-01-07-01-02-02-03.wav,-27.050009,0.46789876,0.025713004
03-01-07-02-01-01-03.wav,-27.735119,0.5060282,0.012108182
03-01-07-02-01-02-03.wav,-25.29941,0.45440054,0.0104322815
03-01-07-02-02-01-03.wav,-26.408573,0.43732497,0.042538308
03-01-07-02-02-02-03.wav,-25.714674,0.46657452,0.10488865
03-01-08-01-01-01-03.wav,-30.831398,0.41366246,0.027344167
03-01-08-01-01-02-03.wav,-27.243729,0.5202665,0.033618573
03-01-08-01-02-01-03.wav,-30.472925,0.4536634,0.022053739
03-01-08-01-02-02-03.wav,-27.492035,0.37711272,0.050960038
03-01-08-02-01-01-03.wav,-27.562317,0.49382547,0.115158446
03-01-08-02-01-02-03.wav,-24.185467,0.4339243,0.19121878
03-01-08-02-02-01-03.wav,-25.907618,0.48389596,0.19324253
03-01-08-02-02-02-03.wav,-29.200308,0.48155472,0.068907134
03-01-01-01-01-01-04.wav,-35.801094,0.3866254,0.0039444156
03-01-01-01-01-02-04.wav,-37.969055,0.36903152,0.004709151
03-01-01-01-02-01-04.wav,-38.92141,0.3440596,0.00440502
03-01-01-01-02-02-04.wav,-39.133545,0.34511754,0.0030962348
03-01-02-01-01-01-04.wav,-35.997887,0.39368606,0.0045253197
03-01-02-01-01-02-04.wav,-35.536354,0.40537235,0.0048829294
03-01-02-01-02-01-04.wav,-34.35295,0.30790204,0.008300296
03-01-02-01-02-02-04.wav,-36.189358,0.42316154,0.004026355
03-01-02-02-01-01-04.wav,-35.99719,0.33957717,0.0039380426
03-01-02-02-01-02-04.wav,-35.128693,0.4483264,0.004344828
03-01-02-02-02-01-04.wav,-33.014183,0.361147,0.0053033032
03-01-02-02-02-02-04.wav,-37.62045,0.44119027,0.0038726146
03-01-03-01-01-01-04.wav,-35.79462,0.35606223,0.012070517
03-01-03-01-01-02-04.wav,-32.800896,0.48224384,0.026784835
03-01-03-01-02-01-04.wav,-33.49755,0.40389436,0.01541048
03-01-03-01-02-02-04.wav,-32.93146,0.48317063,0.027940094
03-01-03-02-01-01-04.wav,-26.651878,0.39644897,0.11074478
03-01-03-02-01-02-04.wav,-26.828262,0.33276272,0.19601569
03-01-03-02-02-01-04.wav,-30.69488,0.39568523,0.14991817
03-01-03-02-02-02-04.wav,-27.057537,0.4598988,0.32728997
03-01-04-01-01-01-04.wav,-36.154217,0.53511226,0.00442562
03-01-04-01-01-02-04.wav,-31.613983,0.39353892,0.034640756
03-01-04-01-02-01-04.wav,-33.02039,0.3939184,0.033991423
03-01-04-01-02-02-04.wav,-33.750946,0.4323259,0.029864581
03-01-04-02-01-01-04.wav,-29.517729,0.38378605,0.095528685
03-01-04-02-01-02-04.wav,-25.523146,0.45402816,0.16099454
03-01-04-02-02-01-04.wav,-27.5763,0.4045126,0.5271079
03-01-04-02-02-02-04.wav,-27.372364,0.4457516,0.21888092
03-01-05-01-01-01-04.wav,-30.94375,0.3862044,0.041841786
03-01-05-01-01-02-04.wav,-29.538221,0.3601316,0.07079678
03-01-05-01-02-01-04.wav,-31.652206,0.4014429,0.07288748
03-01-05-01-02-02-04.wav,-32.5515,0.48068723,0.03353934
03-01-05-02-01-01-04.wav,-23.084215,0.37901416,0.93985623
03-01-05-02-01-02-04.wav,-25.023914,0.3760667,0.47051018
03-01-05-02-02-01-04.wav,-24.40789,0.46423367,0.9644311
03-01-05-02-02-02-04.wav,-28.264015,0.42038962,0.36621726
03-01-06-01-01-01-04.wav,-31.112555,0.37745586,0.045525305
03-01-06-01-01-02-04.wav,-30.019247,0.3833605,0.066023715
03-01-06-01-02-01-04.wav,-31.095028,0.331307,0.06466038
03-01-06-01-02-02-04.wav,-31.039072,0.34307587,0.060689144
03-01-06-02-01-01-04.wav,-21.975338,0.3310545,0.35598463
03-01-06-02-01-02-04.wav,-23.811518,0.40276405,0.4549409
03-01-06-02-02-01-04.wav,-24.75344,0.3769542,0.7010477
03-01-06-02-02-02-04.wav,-24.36884,0.499466,0.6430665
03-01-07-01-01-01-04.wav,-32.05457,0.33246,0.015977731
03-01-07-01-01-02-04.wav,-32.10916,0.41348067,0.020560322
03-01-07-01-02-01-04.wav,-33.08411,0.43995544,0.038809992
03-01-07-01-02-02-04.wav,-29.12853,0.4852161,0.052335653
03-01-07-02-01-01-04.wav,-27.741787,0.32854125,0.16964665
03-01-07-02-01-02-04.wav,-29.500677,0.3958133,0.12264887
03-01-07-02-02-01-04.wav,-32.858162,0.37573943,0.058439802
03-01-07-02-02-02-04.wav,-31.49782,0.35948685,0.0934583
03-01-08-01-01-01-04.wav,-33.97669,0.52233315,0.02705428
03-01-08-01-01-02-04.wav,-32.66369,0.3967116,0.047877982
03-01-08-01-02-01-04.wav,-31.586351,0.40105683,0.052158386
03-01-08-01-02-02-04.wav,-32.474506,0.39787698,0.066020384
03-01-08-02-01-01-04.wav,-27.448568,0.3548467,0.23309667
03-01-08-02-01-02-04.wav,-28.30721,0.41283804,0.19003354
03-01-08-02-02-01-04.wav,-27.386518,0.3806074,0.21901576
03-01-08-02-02-02-04.wav,-29.103039,0.3672069,0.2707731
03-01-01-01-01-01-05.wav,-29.973936,0.561659,0.0016797972
03-01-01-01-01-02-05.wav,-29.79367,0.4919209,0.0010921
03-01-01-01-02-01-05.wav,-29.726776,0.5014682,0.0030762118
03-01-01-01-02-02-05.wav,-30.031307,0.56845164,0.0019369662
03-01-02-01-01-01-05.wav,-30.27491,0.5614079,0.0007848934
03-01-02-01-01-02-05.wav,-31.226208,0.5894858,0.0003019459
03-01-02-01-02-01-05.wav,-30.879955,0.56527555,0.00063563115
03-01-02-01-02-02-05.wav,-30.277672,0.5270431,0.0019550542
03-01-02-02-01-01-05.wav,-29.775457,0.5415775,0.00048566298
03-01-02-02-01-02-05.wav,-31.90287,0.61140585,0.00023777514
03-01-02-02-02-01-05.wav,-31.535124,0.52486825,0.000493563
03-01-02-02-02-02-05.wav,-31.582745,0.5576042,0.0003182228
03-01-03-01-01-01-05.wav,-29.793983,0.53440666,0.003435888
03-01-03-01-01-02-05.wav,-28.718725,0.57933253,0.006354227
03-01-03-01-02-01-05.wav,-30.144045,0.58615226,0.0034324364
03-01-03-01-02-02-05.wav,-28.168148,0.5173542,0.012478549
03-01-03-02-01-01-05.wav,-30.265676,0.49263668,0.00753765
03-01-03-02-01-02-05.wav,-27.418781,0.49981177,0.043826032
03-01-03-02-02-01-05.wav,-28.042225,0.45713022,0.038732585
03-01-03-02-02-02-05.wav,-28.320278,0.51390135,0.038718864
03-01-04-01-01-01-05.wav,-31.014626,0.63010204,0.00032241966
03-01-04-01-01-02-05.wav,-31.000744,0.5512797,0.00035006728
03-01-04-01-02-01-05.wav,-32.12978,0.5959163,0.00038065718
03-01-04-01-02-02-05.wav,-29.949629,0.5872392,0.00042713742
03-01-04-02-01-01-05.wav,-30.999727,0.57389104,0.00091955357
03-01-04-02-01-02-05.wav,-31.629642,0.55068326,0.00062472466
03-01-04-02-02-01-05.wav,-31.012032,0.57331115,0.001583125
03-01-04-02-02-02-05.wav,-31.905552,0.4970339,0.0012441004
03-01-05-01-01-01-05.wav,-26.468014,0.49802843,0.063383214
03-01-05-01-01-02-05.wav,-25.089403,0.53322124,0.04477807
03-01-05-01-02-01-05.wav,-27.096155,0.48696375,0.005804281
03-01-05-01-02-02-05.wav,-26.694836,0.47901943,0.015498693
03-01-05-02-01-01-05.wav,-21.95509,0.4882313,1.0044432
03-01-05-02-01-02-05.wav,-21.843014,0.5169607,0.67463255
03-01-05-02-02-01-05.wav,-19.61773,0.5065616,2.421016
03-01-05-02-02-02-05.wav,-19.623274,0.47223264,2.4299738
03-01-06-01-01-01-05.wav,-30.34367,0.53361005,0.007104187
03-01-06-01-01-02-05.wav,-30.375261,0.550684,0.005682178
03-01-06-01-02-01-05.wav,-30.435825,0.55186665,0.0030949672
03-01-06-01-02-02-05.wav,-29.176983,0.4984316,0.017485635
03-01-06-02-01-01-05.wav,-25.720564,0.4676976,0.24084911
03-01-06-02-01-02-05.wav,-25.904774,0.40945867,0.1957448
03-01-06-02-02-01-05.wav,-27.273485,0.4536228,0.25455275
03-01-06-02-02-02-05.wav,-27.500702,0.4176733,0.21559508
03-01-07-01-01-01-05.wav,-30.18461,0.5769868,0.0006100202
03-01-07-01-01-02-05.wav,-28.696287,0.5998373,0.0021869885
03-01-07-01-02-01-05.wav,-30.11623,0.55999357,0.0011330532
03-01-07-01-02-02-05.wav,-29.575937,0.59317845,0.0054422673
03-01-07-02-01-01-05.wav,-29.819895,0.5579674,0.0022267066
03-01-07-02-01-02-05.wav,-28.350079,0.54704744,0.011149869
03-01-07-02-02-01-05.wav,-28.7787,0.5411387,0.0150458515
03-01-07-02-02-02-05.wav,-27.752634,0.5218174,0.0038144677
03-01-08-01-01-01-05.wav,-29.354774,0.5582877,0.008973157
03-01-08-01-01-02-05.wav,-29.956808,0.5563627,0.014139055
03-01-08-01-02-01-05.wav,-31.5933,0.59190077,0.008858493
03-01-08-01-02-02-05.wav,-29.4916,0.49585718,0.017200576
03-01-08-02-01-01-05.wav,-29.489523,0.52268386,0.009340816
03-01-08-02-01-02-05.wav,-27.860235,0.5171302,0.021381466
03-01-08-02-02-01-05.wav,-29.486488,0.55057585,0.034295626
03-01-08-02-02-02-05.wav,-30.077251,0.5153628,0.030151024
03-01-01-01-01-01-06.wav,-39.29206,0.509925,0.0016118285
03-01-01-01-01-02-06.wav,-36.497288,0.46045852,0.0021651166
03-01-01-01-02-01-06.wav,-36.473106,0.4333462,0.0029080613
03-01-01-01-02-02-06.wav,-37.523468,0.4620902,0.0026280049
03-01-02-01-01-01-06.wav,-37.848927,0.43461967,0.000422617
03-01-02-01-01-02-06.wav,-37.42885,0.43566316,0.00043176976
03-01-02-01-02-01-06.wav,-35.521408,0.40087658,0.0008746213
03-01-02-01-02-02-06.wav,-35.622726,0.36262494,0.0021470468
03-01-02-02-01-01-06.wav,-36.30867,0.43590915,0.0006354209
03-01-02-02-01-02-06.wav,-36.662083,0.4315652,0.0005555325
03-01-02-02-02-01-06.wav,-38.507652,0.40643552,0.0013611205
03-01-02-02-02-02-06.wav,-37.121914,0.39338213,0.00060370204
03-01-03-01-01-01-06.wav,-34.42296,0.34767002,0.008026861
03-01-03-01-01-02-06.wav,-35.23878,0.3980196,0.014803126
03-01-03-01-02-01-06.wav,-37.627308,0.4564721,0.0073470674
03-01-03-01-02-02-06.wav,-35.071445,0.439796,0.014238895
03-01-03-02-01-01-06.wav,-25.275501,0.36559635,0.3890123
03-01-03-02-01-02-06.wav,-27.483435,0.4156677,0.29342958
03-01-03-02-02-01-06.wav,-27.515854,0.39768207,0.28966257
03-01-03-02-02-02-06.wav,-26.236294,0.37351197,0.4438772
03-01-04-01-01-01-06.wav,-37.275986,0.49087247,0.0005891661
03-01-04-01-01-02-06.wav,-37.44974,0.41231057,0.00065513456
03-01-04-01-02-01-06.wav,-38.748146,0.49261203,0.0024872662
03-01-04-01-02-02-06.wav,-38.918472,0.45595452,0.0013521917
03-01-04-02-01-01-06.wav,-27.18101,0.43646666,0.052351408
03-01-04-02-01-02-06.wav,-35.703304,0.47999224,0.0007928178
03-01-04-02-02-01-06.wav,-27.734245,0.44108814,0.041216
03-01-04-02-02-02-06.wav,-33.75458,0.3995067,0.011301281
03-01-05-01-01-01-06.wav,-34.19399,0.46118256,0.0076899044
03-01-05-01-01-02-06.wav,-30.728441,0.48990273,0.008966521
03-01-05-01-02-01-06.wav,-33.752934,0.404149,0.019615768
03-01-05-01-02-02-06.wav,-31.265253,0.44167346,0.03929013
03-01-05-02-01-01-06.wav,-21.200169,0.40668887,2.675408
03-01-05-02-01-02-06.wav,-21.667374,0.4029419,2.1103761
03-01-05-02-02-01-06.wav,-22.64226,0.4046154,1.6703941
03-01-05-02-02-02-06.wav,-22.125591,0.38433066,1.5338025
03-01-06-01-01-01-06.wav,-36.175365,0.4895131,0.0027744924
03-01-06-01-01-02-06.wav,-34.883446,0.4621709,0.002981677
03-01-06-01-02-01-06.wav,-37.365685,0.4217665,0.0057099955
03-01-06-01-02-02-06.wav,-36.035122,0.48168245,0.0048627835
03-01-06-02-01-01-06.wav,-24.423674,0.2998693,1.7321587
03-01-06-02-01-02-06.wav,-23.687393,0.31523597,1.444525
03-01-06-02-02-01-06.wav,-25.880968,0.32669792,0.7329447
03-01-06-02-02-02-06.wav,-21.12498,0.3012233,2.8463721
03-01-07-01-01-01-06.wav,-37.158905,0.42486128,0.0005267182
03-01-07-01-01-02-06.wav,-36.350136,0.4307371,0.00032282338
03-01-07-01-02-01-06.wav,-39.76394,0.4324057,0.00071367726
03-01-07-01-02-02-06.wav,-38.884842,0.33024278,0.00057925505
03-01-07-02-01-01-06.wav,-30.663864,0.3995666,0.030678641
03-01-07-02-01-02-06.wav,-37.50207,0.38576108,0.006511762
03-01-07-02-02-01-06.wav,-33.512897,0.47778764,0.014694584
03-01-07-02-02-02-06.wav,-30.62396,0.48888204,0.007640409
03-01-08-01-01-01-06.wav,-38.59984,0.45992845,0.0020631773
03-01-08-01-01-02-06.wav,-38.93098,0.42184812,0.0036493063
03-01-08-01-02-01-06.wav,-37.867493,0.4784287,0.0041925395
03-01-08-01-02-02-06.wav,-34.33067,0.44555673,0.0034640154
03-01-08-02-01-01-06.wav,-36.926773,0.4857752,0.0028734724
03-01-08-02-01-02-06.wav,-32.28759,0.5116077,0.03313076
03-01-08-02-02-01-06.wav,-32.38501,0.46034965,0.030401524
03-01-08-02-02-02-06.wav,-32.51503,0.4422,0.03577317
03-01-01-01-01-01-07.wav,-29.176031,0.49072912,0.004145407
03-01-01-01-01-02-07.wav,-27.863878,0.50298685,0.0047389725
03-01-01-01-02-01-07.wav,-30.986649,0.51320916,0.005407199
03-01-01-01-02-02-07.wav,-28.059893,0.511802,0.0035218266
03-01-02-01-01-01-07.wav,-29.892313,0.4697037,0.0021278244
03-01-02-01-01-02-07.wav,-31.348408,0.53708416,0.0014729659
03-01-02-01-02-01-07.wav,-26.411572,0.55308825,0.0017626887
03-01-02-01-02-02-07.wav,-30.47498,0.54744804,0.002167761
03-01-02-02-01-01-07.wav,-27.483969,0.50646514,0.0014468937
03-01-02-02-01-02-07.wav,-30.790182,0.46312556,0.0019329384
03-01-02-02-02-01-07.wav,-29.640057,0.44079491,0.0029669912
03-01-02-02-02-02-07.wav,-28.58654,0.45840237,0.0016614414
03-01-03-01-01-01-07.wav,-27.122059,0.5324451,0.0022856665
03-01-03-01-01-02-07.wav,-29.242186,0.5003484,0.0072297524
03-01-03-01-02-01-07.wav,-28.56142,0.47638834,0.01045662
03-01-03-01-02-02-07.wav,-28.56142,0.47638834,0.01045662
03-01-03-02-01-01-07.wav,-23.216766,0.44862995,0.11473328
03-01-03-02-01-02-07.wav,-22.39624,0.48219323,0.17637284
03-01-03-02-02-01-07.wav,-26.027445,0.45651644,0.08633471
03-01-03-02-02-02-07.wav,-23.238113,0.45627424,0.26396766
03-01-04-01-01-01-07.wav,-34.44522,0.46474743,0.0015652154
03-01-04-01-01-02-07.wav,-29.61274,0.49435052,0.0019500417
03-01-04-01-02-01-07.wav,-32.910393,0.49555606,0.0018540642
03-01-04-01-02-02-07.wav,-30.407673,0.47033256,0.00808193
03-01-04-02-01-01-07.wav,-30.994507,0.449173,0.008148122
03-01-04-02-01-02-07.wav,-28.982864,0.5239896,0.009666454
03-01-04-02-02-01-07.wav,-28.260036,0.49490577,0.014013793
03-01-04-02-02-02-07.wav,-30.867643,0.45960453,0.016943349
03-01-05-01-01-01-07.wav,-24.199474,0.5033187,0.09025363
03-01-05-01-01-02-07.wav,-21.277172,0.4835172,0.4623505
03-01-05-01-02-01-07.wav,-27.260254,0.39770257,0.012148977
03-01-05-01-02-02-07.wav,-25.447598,0.4821805,0.06897753
03-01-05-02-01-01-07.wav,-18.818089,0.52099156,0.30350554
03-01-05-02-01-02-07.wav,-17.594004,0.56767327,1.2355202
03-01-05-02-02-01-07.wav,-20.27867,0.48421887,2.6083481
03-01-05-02-02-02-07.wav,-20.346292,0.5008049,1.6592333
03-01-06-01-01-01-07.wav,-31.006012,0.4990768,0.0073024533
03-01-06-01-01-02-07.wav,-33.08863,0.45383057,0.012191383
03-01-06-01-02-01-07.wav,-32.47904,0.43033376,0.010250771
03-01-06-01-02-02-07.wav,-34.713093,0.45266268,0.009467886
03-01-06-02-01-01-07.wav,-27.61553,0.39430183,0.20471534
03-01-06-02-01-02-07.wav,-28.596592,0.4200093,0.116179235
03-01-06-02-02-01-07.wav,-26.260885,0.44452026,0.43617842
03-01-06-02-02-02-07.wav,-25.888004,0.43789437,0.5006629
03-01-07-01-01-01-07.wav,-32.879745,0.45690468,0.0028270711
03-01-07-01-01-02-07.wav,-31.223137,0.5348531,0.004115234
03-01-07-01-02-01-07.wav,-30.848272,0.5576612,0.0015361104
03-01-07-01-02-02-07.wav,-32.202766,0.39374784,0.0038602664
03-01-07-02-01-01-07.wav,-26.152042,0.50718635,0.043284867
03-01-07-02-01-02-07.wav,-25.35216,0.51512754,0.013439447
03-01-07-02-02-01-07.wav,-25.639431,0.49599805,0.01689676
03-01-07-02-02-02-07.wav,-28.423445,0.45825788,0.017037442
03-01-08-01-01-01-07.wav,-30.325508,0.4525537,0.010038
03-01-08-01-01-02-07.wav,-29.127874,0.47182256,0.014176628
03-01-08-01-02-01-07.wav,-28.828484,0.51508904,0.010323212
03-01-08-01-02-02-07.wav,-28.530018,0.5322304,0.01261217
03-01-08-02-01-01-07.wav,-25.52151,0.40802723,0.08946218
03-01-08-02-01-02-07.wav,-29.248951,0.4805547,0.022142204
03-01-08-02-02-01-07.wav,-27.564371,0.4612269,0.08421505
03-01-08-02-02-02-07.wav,-29.175,0.32891947,0.04136864
03-01-01-01-01-01-08.wav,-29.178576,0.53630257,0.0036375688
03-01-01-01-01-02-08.wav,-28.903717,0.52305853,0.003925413
03-01-01-01-02-01-08.wav,-29.736897,0.48422396,0.0050252783
03-01-01-01-02-02-08.wav,-28.616774,0.51823086,0.0046476955
03-01-02-01-01-01-08.wav,-29.668943,0.5212328,0.0017209571
03-01-02-01-01-02-08.wav,-30.349398,0.5285557,0.00153347
03-01-02-01-02-01-08.wav,-29.129591,0.5386784,0.0022504418
03-01-02-01-02-02-08.wav,-30.030176,0.51087594,0.0016878726
03-01-02-02-01-01-08.wav,-29.793392,0.51171404,0.0011368222
03-01-02-02-01-02-08.wav,-30.50644,0.49227256,0.001178347
03-01-02-02-02-01-08.wav,-30.37406,0.5169268,0.0012693759
03-01-02-02-02-02-08.wav,-30.573431,0.48193738,0.0014707336
03-01-03-01-01-01-08.wav,-28.918392,0.501205,0.008034526
03-01-03-01-01-02-08.wav,-28.934116,0.49688426,0.008408765
03-01-03-01-02-01-08.wav,-29.545084,0.50835145,0.009234566
03-01-03-01-02-02-08.wav,-29.405598,0.48515928,0.014778708
03-01-03-02-01-01-08.wav,-26.883226,0.4293754,0.0636423
03-01-03-02-01-02-08.wav,-26.262896,0.4969958,0.04626467
03-01-03-02-02-01-08.wav,-27.454292,0.43920404,0.07354601
03-01-03-02-02-02-08.wav,-28.403925,0.43808696,0.048656043
03-01-04-01-01-01-08.wav,-30.177382,0.50352407,0.001587525
03-01-04-01-01-02-08.wav,-30.310791,0.51215637,0.0012858735
03-01-04-01-02-01-08.wav,-30.664253,0.51463914,0.0013150661
03-01-04-01-02-02-08.wav,-29.689943,0.47232604,0.001190346
03-01-04-02-01-01-08.wav,-28.862812,0.40456054,0.007267724
03-01-04-02-01-02-08.wav,-28.616045,0.44462988,0.0077163186
03-01-04-02-02-01-08.wav,-29.701265,0.47352737,0.0063614207
03-01-04-02-02-02-08.wav,-28.179943,0.4137085,0.008805641
03-01-05-01-01-01-08.wav,-26.032314,0.496451,0.053916633
03-01-05-01-01-02-08.wav,-25.09142,0.48612592,0.05856828
03-01-05-01-02-01-08.wav,-27.068867,0.51166546,0.03265573
03-01-05-01-02-02-08.wav,-27.335924,0.48894006,0.046398614
03-01-05-02-01-01-08.wav,-23.63023,0.46331698,0.27975947
03-01-05-02-01-02-08.wav,-20.004082,0.4301751,1.803411
03-01-05-02-02-01-08.wav,-25.700659,0.48172322,0.31390867
03-01-05-02-02-02-08.wav,-24.22474,0.43439713,0.36013108
03-01-06-01-01-01-08.wav,-27.206146,0.40708286,0.05120965
03-01-06-01-01-02-08.wav,-24.032118,0.47344735,0.04141142
03-01-06-01-02-01-08.wav,-26.45777,0.3725267,0.06411344
03-01-06-01-02-02-08.wav,-28.126776,0.45440975,0.039672628
03-01-06-02-01-01-08.wav,-20.792086,0.45074764,0.40150204
03-01-06-02-01-02-08.wav,-21.345068,0.42438123,0.483198
03-01-06-02-02-01-08.wav,-22.211586,0.42931476,0.43902844
03-01-06-02-02-02-08.wav,-20.717485,0.42708495,0.5424994
03-01-07-01-01-01-08.wav,-28.845253,0.5243437,0.003835739
03-01-07-01-01-02-08.wav,-29.677567,0.52243525,0.00270399
03-01-07-01-02-01-08.wav,-29.726933,0.45437977,0.004783822
03-01-07-01-02-02-08.wav,-29.814896,0.5171487,0.004724426
03-01-07-02-01-01-08.wav,-27.64804,0.4787314,0.012399853
03-01-07-02-01-02-08.wav,-29.350084,0.4849654,0.0058978535
03-01-07-02-02-01-08.wav,-29.99513,0.51068133,0.0076115155
03-01-07-02-02-02-08.wav,-29.057302,0.5257002,0.0141681265
03-01-08-01-01-01-08.wav,-27.440947,0.51250017,0.009384889
03-01-08-01-01-02-08.wav,-28.60846,0.49724093,0.012958717
03-01-08-01-02-01-08.wav,-27.127663,0.4689561,0.029310346
03-01-08-01-02-02-08.wav,-28.73053,0.50136214,0.016059794
03-01-08-02-01-01-08.wav,-25.88218,0.48144138,0.028291214
03-01-08-02-01-02-08.wav,-25.993519,0.49071777,0.041907683
03-01-08-02-02-01-08.wav,-27.324335,0.5189301,0.060792163
03-01-08-02-02-02-08.wav,-27.214535,0.47994128,0.056442842
03-01-01-01-01-01-09.wav,-24.600037,0.6120796,0.00080573355
03-01-01-01-01-02-09.wav,-31.771898,0.5583378,0.0005385371
03-01-01-01-02-01-09.wav,-32.506157,0.5530338,0.0005979515
03-01-01-01-02-02-09.wav,-31.929626,0.519625,0.00073595555
03-01-02-01-01-01-09.wav,-31.907778,0.55762523,0.0005891777
03-01-02-01-01-02-09.wav,-30.322039,0.50153214,0.0008029839
03-01-02-01-02-01-09.wav,-29.346354,0.5206806,0.0019400485
03-01-02-01-02-02-09.wav,-29.846806,0.54890627,0.0006852691
03-01-02-02-01-01-09.wav,-32.285942,0.555492,0.00015249947
03-01-02-02-01-02-09.wav,-29.27114,0.5483451,0.00023210666
03-01-02-02-02-01-09.wav,-27.571512,0.50064576,0.0010755133
03-01-02-02-02-02-09.wav,-31.503408,0.38705298,0.00084614183
03-01-03-01-01-01-09.wav,-29.20261,0.47280964,0.0017284029
03-01-03-01-01-02-09.wav,-28.133823,0.5511081,0.004780916
03-01-03-01-02-01-09.wav,-30.944075,0.44673347,0.0023845364
03-01-03-01-02-02-09.wav,-30.1496,0.49120238,0.0064820643
03-01-03-02-01-01-09.wav,-25.737871,0.39478275,0.24447
03-01-03-02-01-02-09.wav,-25.455109,0.37557214,0.1515909
03-01-03-02-02-01-09.wav,-24.749493,0.48578158,0.29278982
03-01-03-02-02-02-09.wav,-25.453772,0.397478,0.15674496
03-01-04-01-01-01-09.wav,-32.905724,0.5823436,9.748795e-05
03-01-04-01-01-02-09.wav,-36.542545,0.60472417,0.0001414206
03-01-04-01-02-01-09.wav,-35.006664,0.5178844,0.00028231638
03-01-04-01-02-02-09.wav,-33.463013,0.5601807,9.435847e-05
03-01-04-02-01-01-09.wav,-30.807549,0.48557654,0.0005719058
03-01-04-02-01-02-09.wav,-31.129124,0.52933013,0.0006183952
03-01-04-02-02-01-09.wav,-32.292854,0.48656264,0.0009612381
03-01-04-02-02-02-09.wav,-30.623777,0.5132983,0.0010374049
03-01-05-01-01-01-09.wav,-30.644085,0.52870375,0.0010988034
03-01-05-01-01-02-09.wav,-28.420977,0.46585578,0.0024757916
03-01-05-01-02-01-09.wav,-26.620228,0.5017119,0.018982159
03-01-05-01-02-02-09.wav,-28.046642,0.540113,0.008041515
03-01-05-02-01-01-09.wav,-17.172926,0.5070704,1.8734475
03-01-05-02-01-02-09.wav,-18.76976,0.457165,1.2002413
03-01-05-02-02-01-09.wav,-17.950262,0.44829297,2.2116942
03-01-05-02-02-02-09.wav,-17.16563,0.4831198,1.9062117
03-01-06-01-01-01-09.wav,-34.829,0.5502754,0.00014527517
03-01-06-01-01-02-09.wav,-32.46113,0.5941008,0.00031359223
03-01-06-01-02-01-09.wav,-30.058504,0.5986762,0.00030032964
03-01-06-01-02-02-09.wav,-34.644283,0.60012484,0.0002707287
03-01-06-02-01-01-09.wav,-24.759977,0.48849714,0.009237687
03-01-06-02-01-02-09.wav,-29.900818,0.5138786,0.0014057412
03-01-06-02-02-01-09.wav,-26.97514,0.44606414,0.046486516
03-01-06-02-02-02-09.wav,-24.81482,0.42656246,0.07851271
03-01-07-01-01-01-09.wav,-32.08894,0.5431145,0.00051616493
03-01-07-01-01-02-09.wav,-33.110786,0.55519557,0.00054727274
03-01-07-01-02-01-09.wav,-33.20953,0.5543884,0.0004891433
03-01-07-01-02-02-09.wav,-29.644445,0.51299757,0.001328577
03-01-07-02-01-01-09.wav,-31.857273,0.55969393,0.0014218693
03-01-07-02-01-02-09.wav,-29.365015,0.54295707,0.002148805
03-01-07-02-02-01-09.wav,-29.461899,0.54073286,0.0051778364
03-01-07-02-02-02-09.wav,-28.518753,0.49787533,0.0056925975
03-01-08-01-01-01-09.wav,-28.978071,0.6193516,0.00056051987
03-01-08-01-01-02-09.wav,-33.16569,0.44413707,0.00064599124
03-01-08-01-02-01-09.wav,-28.084574,0.5850126,0.0011677037
03-01-08-01-02-02-09.wav,-33.409878,0.53090876,0.0011511445
03-01-08-02-01-01-09.wav,-29.667166,0.5637401,0.0065648477
03-01-08-02-01-02-09.wav,-27.884813,0.58020204,0.0023840882
03-01-08-02-02-01-09.wav,-31.935938,0.4641058,0.0019242414
03-01-08-02-02-02-09.wav,-31.520945,0.5358729,0.0022176865
03-01-01-01-01-01-10.wav,-28.003807,0.42848575,0.05589216
03-01-01-01-01-02-10.wav,-27.21738,0.41821393,0.03618433
03-01-01-01-02-01-10.wav,-27.980007,0.37042192,0.0779211
03-01-01-01-02-02-10.wav,-27.712168,0.40796813,0.037268136
03-01-02-01-01-01-10.wav,-26.731453,0.4065145,0.035663698
03-01-02-01-01-02-10.wav,-27.331057,0.46353945,0.033907626
03-01-02-01-02-01-10.wav,-27.819782,0.4053575,0.059567038
03-01-02-01-02-02-10.wav,-27.692856,0.34966442,0.069416285
03-01-02-02-01-01-10.wav,-27.797476,0.37483323,0.03828785
03-01-02-02-01-02-10.wav,-28.454266,0.35959765,0.06534853
03-01-02-02-02-01-10.wav,-28.274807,0.38399044,0.051901016
03-01-02-02-02-02-10.wav,-28.670338,0.4166489,0.02045886
03-01-03-01-01-01-10.wav,-26.600742,0.4754018,0.1586855
03-01-03-01-01-02-10.wav,-27.285362,0.45241204,0.19790222
03-01-03-01-02-01-10.wav,-27.316849,0.40599987,0.16289276
03-01-03-01-02-02-10.wav,-27.71185,0.41836658,0.19217753
03-01-03-02-01-01-10.wav,-22.471722,0.39059144,2.0207157
03-01-03-02-01-02-10.wav,-22.38666,0.40949556,1.9288235
03-01-03-02-02-01-10.wav,-21.290358,0.39641973,3.2893867
03-01-03-02-02-02-10.wav,-21.65151,0.44557232,2.1985912
03-01-04-01-01-01-10.wav,-28.85985,0.4248584,0.015819903
03-01-04-01-01-02-10.wav,-27.634226,0.3619649,0.011016445
03-01-04-01-02-01-10.wav,-28.1411,0.4369222,0.018531393
03-01-04-01-02-02-10.wav,-28.086817,0.4616804,0.012456529
03-01-04-02-01-01-10.wav,-25.958794,0.42626947,0.09938558
03-01-04-02-01-02-10.wav,-27.131542,0.40720093,0.029230257
03-01-04-02-02-01-10.wav,-27.471375,0.42264926,0.016985679
03-01-04-02-02-02-10.wav,-27.86424,0.47217312,0.029906286
03-01-05-01-01-01-10.wav,-25.817385,0.4091656,0.051871322
03-01-05-01-01-02-10.wav,-25.271803,0.44926596,0.18029632
03-01-05-01-02-01-10.wav,-26.386452,0.42081016,0.111860655
03-01-05-01-02-02-10.wav,-26.053371,0.41471785,0.121089496
03-01-05-02-01-01-10.wav,-21.597178,0.40974158,1.737206
03-01-05-02-01-02-10.wav,-22.17528,0.34188172,1.8855469
03-01-05-02-02-01-10.wav,-22.907995,0.42119765,1.8602765
03-01-05-02-02-02-10.wav,-23.80472,0.37939423,1.8183099
03-01-06-01-01-01-10.wav,-27.412645,0.4152161,0.07181006
03-01-06-01-01-02-10.wav,-28.146828,0.42755204,0.017777689
03-01-06-01-02-01-10.wav,-29.387712,0.40373346,0.034256462
03-01-06-01-02-02-10.wav,-27.908474,0.4525823,0.03426194
03-01-06-02-01-01-10.wav,-25.56916,0.4275885,0.39579475
03-01-06-02-01-02-10.wav,-26.442041,0.4564691,0.29202625
03-01-06-02-02-01-10.wav,-25.889208,0.3558912,0.4187524
03-01-06-02-02-02-10.wav,-28.152746,0.3984759,0.09849148
03-01-07-01-01-01-10.wav,-28.224585,0.42722684,0.021482691
03-01-07-01-01-02-10.wav,-27.921703,0.4101765,0.024811566
03-01-07-01-02-01-10.wav,-26.903841,0.4040526,0.019685667
03-01-07-01-02-02-10.wav,-26.854876,0.4307626,0.041405085
03-01-07-02-01-01-10.wav,-25.507666,0.38798386,0.24450989
03-01-07-02-01-02-10.wav,-26.210924,0.37989324,0.28817695
03-01-07-02-02-01-10.wav,-27.949001,0.38475865,0.20782769
03-01-07-02-02-02-10.wav,-27.085785,0.33800074,0.3553706
03-01-08-01-01-01-10.wav,-26.672405,0.4918843,0.066411085
03-01-08-01-01-02-10.wav,-26.878601,0.43118754,0.053260673
03-01-08-01-02-01-10.wav,-26.499638,0.4802767,0.23899624
03-01-08-01-02-02-10.wav,-27.694765,0.45107585,0.066607065
03-01-08-02-01-01-10.wav,-25.790188,0.44288304,0.29853392
03-01-08-02-01-02-10.wav,-26.23311,0.46543044,0.44494203
03-01-08-02-02-01-10.wav,-24.455872,0.42462805,0.75776166
03-01-08-02-02-02-10.wav,-24.716595,0.42810768,0.49254507
03-01-01-01-01-01-11.wav,-28.754887,0.5671028,0.0021055785
03-01-01-01-01-02-11.wav,-28.08473,0.53996253,0.0040727756
03-01-01-01-02-01-11.wav,-28.6112,0.5700943,0.0029012186
03-01-01-01-02-02-11.wav,-26.674116,0.55640656,0.0028112116
03-01-02-01-01-01-11.wav,-27.873005,0.5830153,0.000657028
03-01-02-01-01-02-11.wav,-26.634726,0.51139224,0.0009106298
03-01-02-01-02-01-11.wav,-28.274656,0.5648909,0.0021259012
03-01-02-01-02-02-11.wav,-27.88399,0.5003657,0.00079266616
03-01-02-02-01-01-11.wav,-27.649223,0.5534623,0.0005243699
03-01-02-02-01-02-11.wav,-29.570198,0.5730606,0.00049658475
03-01-02-02-02-01-11.wav,-27.886402,0.5378458,0.0006828734
03-01-02-02-02-02-11.wav,-27.885248,0.5121107,0.000965743
03-01-03-01-01-01-11.wav,-28.491684,0.54991394,0.008514469
03-01-03-01-01-02-11.wav,-27.62231,0.5742935,0.008213655
03-01-03-01-02-01-11.wav,-27.833225,0.5554429,0.008553912
03-01-03-01-02-02-11.wav,-27.92812,0.5299765,0.0115674585
03-01-03-02-01-01-11.wav,-22.604395,0.4302076,0.14971691
03-01-03-02-01-02-11.wav,-21.800404,0.5236185,0.18042561
03-01-03-02-02-01-11.wav,-25.842428,0.47649634,0.16695984
03-01-03-02-02-02-11.wav,-25.35338,0.49325758,0.14333
03-01-04-01-01-01-11.wav,-28.096739,0.5428693,0.0021711923
03-01-04-01-01-02-11.wav,-27.202358,0.5647737,0.0015003486
03-01-04-01-02-01-11.wav,-28.984272,0.5270004,0.002517657
03-01-04-01-02-02-11.wav,-28.429989,0.5253569,0.003506098
03-01-04-02-01-01-11.wav,-27.595304,0.5506398,0.02349605
03-01-04-02-01-02-11.wav,-25.203175,0.46556482,0.0529329
03-01-04-02-02-01-11.wav,-28.093367,0.49294797,0.0496265
03-01-04-02-02-02-11.wav,-25.70177,0.5112737,0.054369975
03-01-05-01-01-01-11.wav,-24.587885,0.53593355,0.044225056
03-01-05-01-01-02-11.wav,-25.429058,0.53402,0.018585883
03-01-05-01-02-01-11.wav,-25.696135,0.5222187,0.09229675
03-01-05-01-02-02-11.wav,-25.324804,0.50688213,0.0717895
03-01-05-02-01-01-11.wav,-22.22019,0.50416267,0.31257784
03-01-05-02-01-02-11.wav,-20.383215,0.47277293,1.363455
03-01-05-02-02-01-11.wav,-18.764006,0.49222937,1.3478267
03-01-05-02-02-02-11.wav,-19.970116,0.42825976,2.2752793
03-01-06-01-01-01-11.wav,-26.636518,0.56750286,0.006089415
03-01-06-01-01-02-11.wav,-26.420004,0.49852362,0.012575172
03-01-06-01-02-01-11.wav,-27.460663,0.5409972,0.02409694
03-01-06-01-02-02-11.wav,-26.793669,0.5326685,0.024546435
03-01-06-02-01-01-11.wav,-24.34686,0.4514531,0.28365847
03-01-06-02-01-02-11.wav,-22.44053,0.48447475,0.36873594
03-01-06-02-02-01-11.wav,-23.972101,0.4726957,0.52225465
03-01-06-02-02-02-11.wav,-22.97009,0.48015377,0.5676371
03-01-07-01-01-01-11.wav,-27.119608,0.5409364,0.010758321
03-01-07-01-01-02-11.wav,-26.267288,0.55878884,0.017086467
03-01-07-01-02-01-11.wav,-27.366955,0.56096345,0.013580662
03-01-07-01-02-02-11.wav,-27.320929,0.52488846,0.022477567
03-01-07-02-01-01-11.wav,-24.262447,0.5531727,0.024378942
03-01-07-02-01-02-11.wav,-23.918144,0.527815,0.014699034
03-01-07-02-02-01-11.wav,-26.88118,0.5049411,0.020727117
03-01-07-02-02-02-11.wav,-25.330532,0.50280225,0.037600257
03-01-08-01-01-01-11.wav,-29.434595,0.5752486,0.008654616
03-01-08-01-01-02-11.wav,-29.756636,0.55295455,0.018417705
03-01-08-01-02-01-11.wav,-26.189123,0.52871674,0.054556128
03-01-08-01-02-02-11.wav,-27.915531,0.48555312,0.035153747
03-01-08-02-01-01-11.wav,-28.088951,0.54038393,0.032774415
03-01-08-02-01-02-11.wav,-25.268671,0.5162067,0.09550921
03-01-08-02-02-01-11.wav,-26.642878,0.53586465,0.08832322
03-01-08-02-02-02-11.wav,-26.620516,0.5574723,0.083495535
03-01-01-01-01-01-12.wav,-34.883575,0.43286645,0.0040900903
03-01-01-01-01-02-12.wav,-34.409637,0.49167362,0.003688708
03-01-01-01-02-01-12.wav,-34.06621,0.42387867,0.006679249
03-01-01-01-02-02-12.wav,-34.154144,0.47689274,0.004999914
03-01-02-01-01-01-12.wav,-33.18513,0.4622849,0.0048795533
03-01-02-01-01-02-12.wav,-32.4177,0.48014894,0.0033389598
03-01-02-01-02-01-12.wav,-35.746124,0.46285617,0.0058011045
03-01-02-01-02-02-12.wav,-35.026203,0.45626104,0.0047121597
03-01-02-02-01-01-12.wav,-35.004093,0.4083232,0.0038156358
03-01-02-02-01-02-12.wav,-32.487255,0.46882233,0.0041826037
03-01-02-02-02-01-12.wav,-35.02476,0.43478906,0.0053906343
03-01-02-02-02-02-12.wav,-35.93263,0.43309942,0.004706096
03-01-03-01-01-01-12.wav,-31.997936,0.4600722,0.021443972
03-01-03-01-01-02-12.wav,-30.114227,0.46165588,0.023829069
03-01-03-01-02-01-12.wav,-34.028866,0.42857292,0.020284308
03-01-03-01-02-02-12.wav,-32.728546,0.43473625,0.028564068
03-01-03-02-01-01-12.wav,-22.557901,0.5362518,0.27194557
03-01-03-02-01-02-12.wav,-22.885231,0.49119195,0.25980273
03-01-03-02-02-01-12.wav,-30.906197,0.38408798,0.08265167
03-01-03-02-02-02-12.wav,-26.040525,0.41543052,0.3813522
03-01-04-01-01-01-12.wav,-32.603825,0.46190953,0.015958067
03-01-04-01-01-02-12.wav,-31.163471,0.47557425,0.012877958
03-01-04-01-02-01-12.wav,-32.743538,0.46699673,0.0063569066
03-01-04-01-02-02-12.wav,-33.882412,0.46433887,0.010925352
03-01-04-02-01-01-12.wav,-26.014519,0.4362667,0.111195534
03-01-04-02-01-02-12.wav,-26.342937,0.40601087,0.22251424
03-01-04-02-02-01-12.wav,-30.0888,0.46040717,0.12213417
03-01-04-02-02-02-12.wav,-25.202646,0.40426692,0.32704598
03-01-05-01-01-01-12.wav,-28.853973,0.47746715,0.021428984
03-01-05-01-01-02-12.wav,-28.44325,0.4525249,0.028250547
03-01-05-01-02-01-12.wav,-32.86669,0.4806246,0.01139508
03-01-05-01-02-02-12.wav,-33.180283,0.48325637,0.014198477
03-01-05-02-01-01-12.wav,-22.359406,0.5010663,0.40726122
03-01-05-02-01-02-12.wav,-20.828745,0.54766387,1.6855795
03-01-05-02-02-01-12.wav,-25.23711,0.49525434,0.30899137
03-01-05-02-02-02-12.wav,-22.327621,0.45085576,0.9536838
03-01-06-01-01-01-12.wav,-25.255482,0.5166493,0.057020906
03-01-06-01-01-02-12.wav,-26.65053,0.48080298,0.048841882
03-01-06-01-02-01-12.wav,-32.671055,0.44753987,0.023125986
03-01-06-01-02-02-12.wav,-31.664465,0.5166539,0.034148153
03-01-06-02-01-01-12.wav,-19.987597,0.47091433,0.6158931
03-01-06-02-01-02-12.wav,-20.27266,0.41698265,1.1070694
03-01-06-02-02-01-12.wav,-23.766354,0.44293478,0.6669576
03-01-06-02-02-02-12.wav,-22.244446,0.456105,0.81597793
03-01-07-01-01-01-12.wav,-30.856808,0.4477882,0.009604886
03-01-07-01-01-02-12.wav,-30.518675,0.49390012,0.011898395
03-01-07-01-02-01-12.wav,-34.385506,0.45739722,0.009181655
03-01-07-01-02-02-12.wav,-31.993315,0.48075876,0.008489207
03-01-07-02-01-01-12.wav,-29.557198,0.4689409,0.026024641
03-01-07-02-01-02-12.wav,-29.6144,0.41295567,0.07159213
03-01-07-02-02-01-12.wav,-29.026943,0.47372705,0.08098559
03-01-07-02-02-02-12.wav,-30.387995,0.45016423,0.08359828
03-01-08-01-01-01-12.wav,-33.100784,0.4908187,0.014331903
03-01-08-01-01-02-12.wav,-28.67945,0.48054728,0.020442627
03-01-08-01-02-01-12.wav,-32.587227,0.49824572,0.023369618
03-01-08-01-02-02-12.wav,-33.952274,0.47179785,0.026207093
03-01-08-02-01-01-12.wav,-28.984404,0.44841784,0.043862082
03-01-08-02-01-02-12.wav,-28.861784,0.46930885,0.06588002
03-01-08-02-02-01-12.wav,-28.855345,0.4810724,0.054199982
03-01-08-02-02-02-12.wav,-33.152843,0.45424643,0.045419026
03-01-01-01-01-01-13.wav,-32.3877,0.58944154,0.0028330614
03-01-01-01-01-02-13.wav,-31.754766,0.5728737,0.0029865638
03-01-01-01-02-01-13.wav,-31.927114,0.59936124,0.0030479971
03-01-01-01-02-02-13.wav,-32.277763,0.59225,0.004395437
03-01-02-01-01-01-13.wav,-30.200901,0.5945646,0.0016795489
03-01-02-01-01-02-13.wav,-31.663326,0.58800316,0.0022148497
03-01-02-01-02-01-13.wav,-30.493027,0.59044296,0.0016757736
03-01-02-01-02-02-13.wav,-31.509415,0.60076934,0.0019605935
03-01-02-02-01-01-13.wav,-31.723242,0.5967886,0.0017266244
03-01-02-02-01-02-13.wav,-31.563961,0.5595019,0.0031141574
03-01-02-02-02-01-13.wav,-31.423357,0.5875001,0.0031188487
03-01-02-02-02-02-13.wav,-31.96109,0.5788205,0.0031703329
03-01-03-01-01-01-13.wav,-30.869406,0.57733995,0.008671954
03-01-03-01-01-02-13.wav,-31.03101,0.54609084,0.0074862354
03-01-03-01-02-01-13.wav,-31.075472,0.5631462,0.0077896803
03-01-03-01-02-02-13.wav,-31.042595,0.5569245,0.012825981
03-01-03-02-01-01-13.wav,-27.80578,0.5025034,0.016742917
03-01-03-02-01-02-13.wav,-27.892508,0.47725922,0.08206839
03-01-03-02-02-01-13.wav,-29.305084,0.52040106,0.097604305
03-01-03-02-02-02-13.wav,-29.524986,0.52589995,0.0992871
03-01-04-01-01-01-13.wav,-29.406511,0.5583391,0.0025387383
03-01-04-01-01-02-13.wav,-31.21056,0.50248736,0.0018420639
03-01-04-01-02-01-13.wav,-31.232702,0.58070636,0.0022065248
03-01-04-01-02-02-13.wav,-31.64754,0.5137501,0.002793344
03-01-04-02-01-01-13.wav,-29.687315,0.5469983,0.0075003887
03-01-04-02-01-02-13.wav,-29.753054,0.5324774,0.0039059203
03-01-04-02-02-01-13.wav,-29.907587,0.59317964,0.0042975405
03-01-04-02-02-02-13.wav,-30.245625,0.5126829,0.00242098
03-01-05-01-01-01-13.wav,-29.04205,0.56217223,0.018187117
03-01-05-01-01-02-13.wav,-27.920841,0.56752825,0.033063296
03-01-05-01-02-01-13.wav,-28.167034,0.528061,0.030807605
03-01-05-01-02-02-13.wav,-28.762451,0.5387177,0.05015751
03-01-05-02-01-01-13.wav,-21.643988,0.52066064,2.1115348
03-01-05-02-01-02-13.wav,-21.48667,0.52902555,0.5170538
03-01-05-02-02-01-13.wav,-23.785067,0.5250512,0.9765586
03-01-05-02-02-02-13.wav,-20.76101,0.38239333,5.0071807
03-01-06-01-01-01-13.wav,-30.475676,0.54484963,0.0062997313
03-01-06-01-01-02-13.wav,-29.76446,0.614441,0.0031494722
03-01-06-01-02-01-13.wav,-28.944937,0.57654047,0.012614709
03-01-06-01-02-02-13.wav,-27.616386,0.55974925,0.013544993
03-01-06-02-01-01-13.wav,-30.210346,0.5615188,0.0074583446
03-01-06-02-01-02-13.wav,-25.666431,0.53400886,0.20772335
03-01-06-02-02-01-13.wav,-26.874018,0.56913453,0.13583176
03-01-06-02-02-02-13.wav,-29.302284,0.6061477,0.009704808
03-01-07-01-01-01-13.wav,-31.35678,0.6028304,0.0020452833
03-01-07-01-01-02-13.wav,-31.450266,0.613606,0.0021355653
03-01-07-01-02-01-13.wav,-30.49892,0.59828347,0.0023485336
03-01-07-01-02-02-13.wav,-31.510868,0.601253,0.002833908
03-01-07-02-01-01-13.wav,-28.760996,0.58342355,0.008865239
03-01-07-02-01-02-13.wav,-27.805447,0.556161,0.013399837
03-01-07-02-02-01-13.wav,-30.349947,0.59211564,0.002738922
03-01-07-02-02-02-13.wav,-29.250257,0.5860132,0.0065497085
03-01-08-01-01-01-13.wav,-30.281647,0.5539312,0.028708873
03-01-08-01-01-02-13.wav,-32.927986,0.5841673,0.006488161
03-01-08-01-02-01-13.wav,-32.894928,0.5747263,0.0065893596
03-01-08-01-02-02-13.wav,-32.76702,0.5442105,0.007858421
03-01-08-02-01-01-13.wav,-29.877583,0.5931392,0.020372463
03-01-08-02-01-02-13.wav,-28.610949,0.5942415,0.0086371945
03-01-08-02-02-01-13.wav,-27.994013,0.5678432,0.036042042
03-01-08-02-02-02-13.wav,-28.733356,0.5585022,0.03986291
03-01-01-01-01-01-14.wav,-38.346863,0.39700845,0.0008992981
03-01-01-01-01-02-14.wav,-37.706734,0.45103768,0.00078553695
03-01-01-01-02-01-14.wav,-37.515884,0.45169127,0.0014519928
03-01-01-01-02-02-14.wav,-37.35379,0.39475676,0.0016425577
03-01-02-01-01-01-14.wav,-37.445576,0.34232894,0.0020005428
03-01-02-01-01-02-14.wav,-40.31317,0.44658923,0.00056219066
03-01-02-01-02-01-14.wav,-38.606815,0.3641785,0.0018927307
03-01-02-01-02-02-14.wav,-38.83993,0.3961022,0.0023402367
03-01-02-02-01-01-14.wav,-39.718807,0.4045078,0.00030466384
03-01-02-02-01-02-14.wav,-40.221405,0.38594344,0.0004046686
03-01-02-02-02-01-14.wav,-39.665787,0.43021494,0.00057576876
03-01-02-02-02-02-14.wav,-39.213795,0.35117045,0.0010603592
03-01-03-01-01-01-14.wav,-28.016085,0.5043657,0.059680443
03-01-03-01-01-02-14.wav,-29.127151,0.38270465,0.057865106
03-01-03-01-02-01-14.wav,-33.91486,0.42669013,0.027491897
03-01-03-01-02-02-14.wav,-34.05099,0.343098,0.028774064
03-01-03-02-01-01-14.wav,-25.307638,0.40407938,0.31564677
03-01-03-02-01-02-14.wav,-25.848505,0.39591482,0.20933847
03-01-03-02-02-01-14.wav,-26.217505,0.4139367,0.4027505
03-01-03-02-02-02-14.wav,-27.152422,0.35124618,0.3486585
03-01-04-01-01-01-14.wav,-34.718506,0.44794628,0.001450467
03-01-04-01-01-02-14.wav,-35.933327,0.43518814,0.0030810793
03-01-04-01-02-01-14.wav,-35.440884,0.47794664,0.0018656928
03-01-04-01-02-02-14.wav,-34.072994,0.5118874,0.0036375842
03-01-04-02-01-01-14.wav,-33.317448,0.5385873,0.0067085135
03-01-04-02-01-02-14.wav,-34.87467,0.42601255,0.0025877794
03-01-04-02-02-01-14.wav,-34.013916,0.48263195,0.013046097
03-01-04-02-02-02-14.wav,-33.304817,0.41541192,0.024732063
03-01-05-01-01-01-14.wav,-31.952703,0.510555,0.021479838
03-01-05-01-01-02-14.wav,-30.323875,0.42194992,0.029094795
03-01-05-01-02-01-14.wav,-31.473007,0.40168178,0.044178158
03-01-05-01-02-02-14.wav,-30.963842,0.42232883,0.04252661
03-01-05-02-01-01-14.wav,-22.836119,0.4070284,1.4759359
03-01-05-02-01-02-14.wav,-24.025537,0.40695,0.71741444
03-01-05-02-02-01-14.wav,-23.308872,0.4039543,1.4660804
03-01-05-02-02-02-14.wav,-25.636665,0.5077925,0.7013423
03-01-06-01-01-01-14.wav,-36.351665,0.40003613,0.001244294
03-01-06-01-01-02-14.wav,-34.567776,0.44456515,0.0018881606
03-01-06-01-02-01-14.wav,-36.07462,0.502511,0.0028443607
03-01-06-01-02-02-14.wav,-35.276466,0.4518297,0.005607011
03-01-06-02-01-01-14.wav,-25.985111,0.32745752,0.6722974
03-01-06-02-01-02-14.wav,-24.469135,0.3772125,0.6326924
03-01-06-02-02-01-14.wav,-28.923939,0.35568488,0.17540655
03-01-06-02-02-02-14.wav,-27.758028,0.34926474,0.23261595
03-01-07-01-01-01-14.wav,-32.696373,0.453208,0.010912326
03-01-07-01-01-02-14.wav,-35.39784,0.4114062,0.007526787
03-01-07-01-02-01-14.wav,-34.95607,0.42296353,0.0047116955
03-01-07-01-02-02-14.wav,-32.27383,0.41896176,0.03146078
03-01-07-02-01-01-14.wav,-30.471722,0.36275283,0.048297785
03-01-07-02-01-02-14.wav,-33.898975,0.41132516,0.009520027
03-01-07-02-02-01-14.wav,-33.15814,0.41259298,0.009756614
03-01-07-02-02-02-14.wav,-34.60062,0.36660945,0.0389014
03-01-08-01-01-01-14.wav,-35.828022,0.42355353,0.0028635368
03-01-08-01-01-02-14.wav,-34.61615,0.41930166,0.003728987
03-01-08-01-02-01-14.wav,-35.687855,0.46106365,0.0047870064
03-01-08-01-02-02-14.wav,-35.019592,0.4339418,0.0062863124
03-01-08-02-01-01-14.wav,-33.148003,0.49459678,0.0064729056
03-01-08-02-01-02-14.wav,-32.870358,0.34995228,0.031196069
03-01-08-02-02-01-14.wav,-33.31816,0.3953678,0.012817319
03-01-08-02-02-02-14.wav,-32.83547,0.4379219,0.010969381
03-01-01-01-01-01-15.wav,-27.630014,0.55777395,0.013072463
03-01-01-01-01-02-15.wav,-26.852507,0.583828,0.009084957
03-01-01-01-02-01-15.wav,-25.886305,0.56842047,0.012077261
03-01-01-01-02-02-15.wav,-26.19531,0.54979134,0.012939984
03-01-02-01-01-01-15.wav,-26.20072,0.5557053,0.004726765
03-01-02-01-01-02-15.wav,-27.074957,0.51755977,0.0056462553
03-01-02-01-02-01-15.wav,-24.792934,0.52642006,0.005292495
03-01-02-01-02-02-15.wav,-26.837708,0.55439204,0.006512712
03-01-02-02-01-01-15.wav,-26.903845,0.5514407,0.006341396
03-01-02-02-01-02-15.wav,-25.688898,0.5512113,0.0067540472
03-01-02-02-02-01-15.wav,-24.548504,0.51338995,0.009007747
03-01-02-02-02-02-15.wav,-25.884243,0.52512366,0.0044204113
03-01-03-01-01-01-15.wav,-26.707438,0.5823266,0.018526524
03-01-03-01-01-02-15.wav,-25.165546,0.5829948,0.025928918
03-01-03-01-02-01-15.wav,-25.794857,0.5058908,0.015357431
03-01-03-01-02-02-15.wav,-25.427532,0.52825594,0.023882193
03-01-03-02-01-01-15.wav,-20.13691,0.54183626,0.090785414
03-01-03-02-01-02-15.wav,-22.629354,0.516435,0.06030194
03-01-03-02-02-01-15.wav,-22.18235,0.48390839,0.07569484
03-01-03-02-02-02-15.wav,-24.934158,0.53841424,0.05330997
03-01-04-01-01-01-15.wav,-26.617666,0.4933095,0.017125757
03-01-04-01-01-02-15.wav,-25.834934,0.5820442,0.0080936225
03-01-04-01-02-01-15.wav,-25.281137,0.57091796,0.013459134
03-01-04-01-02-02-15.wav,-25.791506,0.5049883,0.009505374
03-01-04-02-01-01-15.wav,-23.269382,0.57467264,0.027125712
03-01-04-02-01-02-15.wav,-23.230745,0.5936886,0.030084103
03-01-04-02-02-01-15.wav,-26.960909,0.5093152,0.022401778
03-01-04-02-02-02-15.wav,-23.773453,0.5882866,0.018002855
03-01-05-01-01-01-15.wav,-23.602491,0.5130827,0.061501957
03-01-05-01-01-02-15.wav,-24.12636,0.5589704,0.13145034
03-01-05-01-02-01-15.wav,-23.760612,0.565774,0.06073484
03-01-05-01-02-02-15.wav,-24.455841,0.55952495,0.175098
03-01-05-02-01-01-15.wav,-24.851547,0.5173203,0.27918938
03-01-05-02-01-02-15.wav,-22.819294,0.5028639,0.38431498
03-01-05-02-02-01-15.wav,-22.161062,0.5635796,0.15841909
03-01-05-02-02-02-15.wav,-22.047909,0.48360312,0.5749733
03-01-06-01-01-01-15.wav,-23.262579,0.59690493,0.011983878
03-01-06-01-01-02-15.wav,-23.689922,0.5392416,0.02275896
03-01-06-01-02-01-15.wav,-23.999952,0.5902851,0.0211592
03-01-06-01-02-02-15.wav,-26.60363,0.5174703,0.01995138
03-01-06-02-01-01-15.wav,-21.451017,0.5701097,0.13870803
03-01-06-02-01-02-15.wav,-21.218182,0.54410017,0.22955647
03-01-06-02-02-01-15.wav,-22.204033,0.55990076,0.07599718
03-01-06-02-02-02-15.wav,-23.421011,0.5027165,0.21937399
03-01-07-01-01-01-15.wav,-26.420034,0.45737237,0.014656739
03-01-07-01-01-02-15.wav,-26.206387,0.4867632,0.009659738
03-01-07-01-02-01-15.wav,-25.373611,0.4712072,0.013331865
03-01-07-01-02-02-15.wav,-24.373934,0.46330428,0.030984992
03-01-07-02-01-01-15.wav,-23.31542,0.51768893,0.031909056
03-01-07-02-01-02-15.wav,-21.358334,0.5431035,0.01940421
03-01-07-02-02-01-15.wav,-23.111547,0.5495116,0.035511
03-01-07-02-02-02-15.wav,-24.492985,0.5031297,0.037868712
03-01-08-01-01-01-15.wav,-23.97853,0.5456376,0.020929802
03-01-08-01-01-02-15.wav,-25.346468,0.5237948,0.029640943
03-01-08-01-02-01-15.wav,-26.009485,0.5373343,0.01748077
03-01-08-01-02-02-15.wav,-26.29588,0.5094166,0.021052752
03-01-08-02-01-01-15.wav,-22.117031,0.5190357,0.10126524
03-01-08-02-01-02-15.wav,-22.645842,0.5919244,0.040186446
03-01-08-02-02-01-15.wav,-24.7745,0.5659607,0.022899183
03-01-08-02-02-02-15.wav,-24.273252,0.49864796,0.041777145
03-01-01-01-01-01-16.wav,-33.343105,0.38827196,0.0051108394
03-01-01-01-01-02-16.wav,-33.506916,0.40391994,0.006029202
03-01-01-01-02-01-16.wav,-32.75555,0.42671105,0.012222916
03-01-01-01-02-02-16.wav,-32.952667,0.407311,0.0113009745
03-01-02-01-01-01-16.wav,-35.823902,0.34339663,0.0030984455
03-01-02-01-01-02-16.wav,-32.692703,0.3236534,0.006340293
03-01-02-01-02-01-16.wav,-34.625034,0.4020154,0.00568837
03-01-02-01-02-02-16.wav,-33.412075,0.39748135,0.008490446
03-01-02-02-01-01-16.wav,-33.332157,0.44186944,0.0060452507
03-01-02-02-01-02-16.wav,-31.139843,0.41820833,0.015738983
03-01-02-02-02-01-16.wav,-35.206223,0.34588248,0.0049442467
03-01-02-02-02-02-16.wav,-34.62435,0.41322666,0.0045158826
03-01-03-01-01-01-16.wav,-32.14279,0.34327847,0.029961925
03-01-03-01-01-02-16.wav,-29.514116,0.45093954,0.04120893
03-01-03-01-02-01-16.wav,-31.269062,0.40744862,0.029497745
03-01-03-01-02-02-16.wav,-31.953987,0.37051004,0.030758135
03-01-03-02-01-01-16.wav,-30.384937,0.3627632,0.08070217
03-01-03-02-01-02-16.wav,-24.978954,0.4736344,0.268849
03-01-03-02-02-01-16.wav,-30.840305,0.4462543,0.10466947
03-01-03-02-02-02-16.wav,-29.593397,0.40253812,0.06998995
03-01-04-01-01-01-16.wav,-34.616093,0.45758933,0.0068930797
03-01-04-01-01-02-16.wav,-34.106697,0.3862166,0.0051374775
03-01-04-01-02-01-16.wav,-35.021122,0.41064328,0.0061015193
03-01-04-01-02-02-16.wav,-35.524914,0.30565235,0.00494273
03-01-04-02-01-01-16.wav,-33.431202,0.3573394,0.011230093
03-01-04-02-01-02-16.wav,-33.668644,0.33610392,0.007258936
03-01-04-02-02-01-16.wav,-34.840347,0.42678973,0.016167909
03-01-04-02-02-02-16.wav,-32.839584,0.43183112,0.017859355
03-01-05-01-01-01-16.wav,-27.314907,0.3582702,0.0910018
03-01-05-01-01-02-16.wav,-26.276697,0.444873,0.15499803
03-01-05-01-02-01-16.wav,-30.619379,0.3875879,0.0761585
03-01-05-01-02-02-16.wav,-27.41468,0.41435298,0.17324136
03-01-05-02-01-01-16.wav,-24.899485,0.3726538,0.42911038
03-01-05-02-01-02-16.wav,-24.558836,0.3948226,1.0478971
03-01-05-02-02-01-16.wav,-25.523415,0.37760824,0.7634244
03-01-05-02-02-02-16.wav,-25.848026,0.38952205,0.50832677
03-01-06-01-01-01-16.wav,-30.989023,0.37142643,0.04682465
03-01-06-01-01-02-16.wav,-31.900047,0.32873785,0.024270633
03-01-06-01-02-01-16.wav,-30.995462,0.4464047,0.026341656
03-01-06-01-02-02-16.wav,-30.938705,0.33687583,0.050377965
03-01-06-02-01-01-16.wav,-23.99169,0.35584268,0.578571
03-01-06-02-01-02-16.wav,-21.595907,0.3967984,1.2544104
03-01-06-02-02-01-16.wav,-23.901703,0.3986131,0.808782
03-01-06-02-02-02-16.wav,-23.180218,0.36921644,0.9488633
03-01-07-01-01-01-16.wav,-31.98973,0.3658645,0.010866863
03-01-07-01-01-02-16.wav,-31.403671,0.37599072,0.014941758
03-01-07-01-02-01-16.wav,-33.36158,0.33723477,0.013230246
03-01-07-01-02-02-16.wav,-29.863487,0.39169407,0.026098087
03-01-07-02-01-01-16.wav,-31.245026,0.45872813,0.012961827
03-01-07-02-01-02-16.wav,-29.539255,0.36433107,0.02159285
03-01-07-02-02-01-16.wav,-30.470623,0.42134523,0.030862864
03-01-07-02-02-02-16.wav,-30.03277,0.40873104,0.044166747
03-01-08-01-01-01-16.wav,-32.78816,0.35468486,0.022897698
03-01-08-01-01-02-16.wav,-30.687416,0.4757387,0.054777626
03-01-08-01-02-01-16.wav,-32.105858,0.3911229,0.053312894
03-01-08-01-02-02-16.wav,-29.682434,0.38042572,0.12764663
03-01-08-02-01-01-16.wav,-30.517443,0.38397962,0.052514125
03-01-08-02-01-02-16.wav,-29.809574,0.35827175,0.09595673
03-01-08-02-02-01-16.wav,-29.189516,0.4717209,0.16514418
03-01-08-02-02-02-16.wav,-30.315042,0.36882132,0.110492654
03-01-01-01-01-01-17.wav,-24.947617,0.5376517,0.010123013
03-01-01-01-01-02-17.wav,-25.743313,0.5911217,0.010797732
03-01-01-01-02-01-17.wav,-25.76881,0.5637089,0.014546192
03-01-01-01-02-02-17.wav,-25.19678,0.5053606,0.014638577
03-01-02-01-01-01-17.wav,-26.40948,0.55347407,0.0097918175
03-01-02-01-01-02-17.wav,-25.399538,0.5370631,0.013463824
03-01-02-01-02-01-17.wav,-24.858356,0.5235013,0.01349484
03-01-02-01-02-02-17.wav,-25.528393,0.5305836,0.014579627
03-01-02-02-01-01-17.wav,-24.791597,0.509157,0.008989264
03-01-02-02-01-02-17.wav,-25.618458,0.5446279,0.0052626026
03-01-02-02-02-01-17.wav,-25.251547,0.5411898,0.012144396
03-01-02-02-02-02-17.wav,-25.802868,0.5130396,0.0065927873
03-01-03-01-01-01-17.wav,-25.900036,0.5186614,0.023234578
03-01-03-01-01-02-17.wav,-25.264975,0.45896485,0.0392168
03-01-03-01-02-01-17.wav,-25.91679,0.5760836,0.06341089
03-01-03-01-02-02-17.wav,-24.631592,0.5053745,0.04648699
03-01-03-02-01-01-17.wav,-24.241734,0.45527458,0.25697607
03-01-03-02-01-02-17.wav,-21.127907,0.48907897,0.65479666
03-01-03-02-02-01-17.wav,-24.793184,0.5215332,0.19323198
03-01-03-02-02-02-17.wav,-24.758352,0.46414644,0.19869001
03-01-04-01-01-01-17.wav,-25.196592,0.46660164,0.021478761
03-01-04-01-01-02-17.wav,-24.048233,0.5347821,0.030489536
03-01-04-01-02-01-17.wav,-25.613518,0.509492,0.013718516
03-01-04-01-02-02-17.wav,-24.837137,0.4746878,0.029595507
03-01-04-02-01-01-17.wav,-22.557426,0.53248835,0.07994698
03-01-04-02-01-02-17.wav,-24.171675,0.58670527,0.066350415
03-01-04-02-02-01-17.wav,-23.340902,0.51164913,0.052924693
03-01-04-02-02-02-17.wav,-24.877058,0.4963028,0.06062891
03-01-05-01-01-01-17.wav,-25.693604,0.59396064,0.006947187
03-01-05-01-01-02-17.wav,-23.758093,0.56047374,0.0179787
03-01-05-01-02-01-17.wav,-24.195627,0.5578916,0.051457033
03-01-05-01-02-02-17.wav,-25.268768,0.5489921,0.016675645
03-01-05-02-01-01-17.wav,-21.165144,0.49640074,0.4884364
03-01-05-02-01-02-17.wav,-19.528315,0.5115219,1.3574063
03-01-05-02-02-01-17.wav,-21.97831,0.54244494,0.631356
03-01-05-02-02-02-17.wav,-21.907692,0.51370394,0.59969234
03-01-06-01-01-01-17.wav,-22.960241,0.4790625,0.07298885
03-01-06-01-01-02-17.wav,-21.756308,0.5456343,0.115499735
03-01-06-01-02-01-17.wav,-21.025946,0.57237816,0.11641793
03-01-06-01-02-02-17.wav,-19.757025,0.6260943,0.75527024
03-01-06-02-01-01-17.wav,-17.96484,0.590355,1.4301182
03-01-06-02-01-02-17.wav,-20.146673,0.6037628,0.6932171
03-01-06-02-02-01-17.wav,-21.384611,0.615058,0.7564089
03-01-06-02-02-02-17.wav,-19.583866,0.5857011,0.6169448
03-01-07-01-01-01-17.wav,-25.321915,0.5602421,0.021804186
03-01-07-01-01-02-17.wav,-24.434372,0.56565386,0.024231661
03-01-07-01-02-01-17.wav,-24.786163,0.558151,0.040345863
03-01-07-01-02-02-17.wav,-24.346516,0.5578505,0.011486767
03-01-07-02-01-01-17.wav,-24.184238,0.5391558,0.066089585
03-01-07-02-01-02-17.wav,-24.783266,0.49148333,0.05712717
03-01-07-02-02-01-17.wav,-24.049362,0.5112496,0.03721479
03-01-07-02-02-02-17.wav,-24.763546,0.506722,0.0538535
03-01-08-01-01-01-17.wav,-25.997013,0.54846174,0.05734491
03-01-08-01-01-02-17.wav,-23.947716,0.5871898,0.042083085
03-01-08-01-02-01-17.wav,-26.02502,0.524102,0.027891368
03-01-08-01-02-02-17.wav,-24.561275,0.49603245,0.042355523
03-01-08-02-01-01-17.wav,-22.265505,0.5767789,0.106115356
03-01-08-02-01-02-17.wav,-20.958355,0.53288543,0.10131488
03-01-08-02-02-01-17.wav,-21.006939,0.54721874,0.27032638
03-01-08-02-02-02-17.wav,-22.157927,0.53679365,0.21551114
03-01-01-01-01-01-18.wav,-37.527832,0.39893442,0.0018735728
03-01-01-01-01-02-18.wav,-37.089962,0.38790518,0.0024951394
03-01-01-01-02-01-18.wav,-38.233067,0.34781244,0.0019781915
03-01-01-01-02-02-18.wav,-38.16985,0.43885207,0.0022242262
03-01-02-01-01-01-18.wav,-35.473255,0.44876146,0.0042947964
03-01-02-01-01-02-18.wav,-35.39711,0.4467043,0.0033786627
03-01-02-01-02-01-18.wav,-35.141975,0.3327962,0.005965421
03-01-02-01-02-02-18.wav,-34.590557,0.39451233,0.0061018663
03-01-02-02-01-01-18.wav,-36.74728,0.3853678,0.0032254697
03-01-02-02-01-02-18.wav,-35.51425,0.3912523,0.002551765
03-01-02-02-02-01-18.wav,-35.77097,0.33401185,0.0038686919
03-01-02-02-02-02-18.wav,-36.074833,0.37489966,0.0048196213
03-01-03-01-01-01-18.wav,-34.392612,0.4781834,0.019984221
03-01-03-01-01-02-18.wav,-34.414764,0.4087477,0.014903921
03-01-03-01-02-01-18.wav,-35.75636,0.42387667,0.008130769
03-01-03-01-02-02-18.wav,-35.71993,0.45489264,0.0111448085
03-01-03-02-01-01-18.wav,-22.517307,0.4095471,1.0381408
03-01-03-02-01-02-18.wav,-22.792992,0.41176143,0.5549908
03-01-03-02-02-01-18.wav,-26.074015,0.38892126,0.36136442
03-01-03-02-02-02-18.wav,-22.919395,0.38382345,1.0671806
03-01-04-01-01-01-18.wav,-34.525627,0.35297376,0.014622945
03-01-04-01-01-02-18.wav,-35.50848,0.4208362,0.0109481895
03-01-04-01-02-01-18.wav,-36.304638,0.4745924,0.0055114264
03-01-04-01-02-02-18.wav,-35.784966,0.37245932,0.008764707
03-01-04-02-01-01-18.wav,-28.62586,0.41180196,0.16810465
03-01-04-02-01-02-18.wav,-27.759407,0.4336748,0.18044549
03-01-04-02-02-01-18.wav,-29.719612,0.41340652,0.16105653
03-01-04-02-02-02-18.wav,-29.997412,0.43327746,0.118116945
03-01-05-01-01-01-18.wav,-31.300037,0.44222963,0.047954537
03-01-05-01-01-02-18.wav,-31.026897,0.47196493,0.028854253
03-01-05-01-02-01-18.wav,-31.133215,0.51009685,0.08103957
03-01-05-01-02-02-18.wav,-32.611897,0.4246381,0.045339778
03-01-05-02-01-01-18.wav,-23.853315,0.5055838,2.0159345
03-01-05-02-01-02-18.wav,-22.85473,0.4219057,2.9210503
03-01-05-02-02-01-18.wav,-24.008524,0.46891168,2.1846123
03-01-05-02-02-02-18.wav,-22.574171,0.41828948,2.9334533
03-01-06-01-01-01-18.wav,-32.114582,0.4684889,0.046505667
03-01-06-01-01-02-18.wav,-33.11326,0.427946,0.03144835
03-01-06-01-02-01-18.wav,-31.849686,0.4016478,0.021197269
03-01-06-01-02-02-18.wav,-30.882376,0.45659837,0.028313847
03-01-06-02-01-01-18.wav,-27.010643,0.47563484,0.19995698
03-01-06-02-01-02-18.wav,-25.04829,0.46576312,0.41144773
03-01-06-02-02-01-18.wav,-28.408535,0.42631605,0.09745631
03-01-06-02-02-02-18.wav,-26.960941,0.43685457,0.24536045
03-01-07-01-01-01-18.wav,-32.65157,0.48818636,0.01598887
03-01-07-01-01-02-18.wav,-30.749,0.43020424,0.042052276
03-01-07-01-02-01-18.wav,-32.66314,0.3708388,0.02891802
03-01-07-01-02-02-18.wav,-31.32931,0.3792238,0.043652758
03-01-07-02-01-01-18.wav,-29.423103,0.43042842,0.16393913
03-01-07-02-01-02-18.wav,-29.914358,0.41336825,0.19741967
03-01-07-02-02-01-18.wav,-28.67073,0.43497303,0.15811843
03-01-07-02-02-02-18.wav,-27.676222,0.4817839,0.27829087
03-01-08-01-01-01-18.wav,-35.608875,0.4287416,0.008335609
03-01-08-01-01-02-18.wav,-35.207844,0.4584646,0.007268725
03-01-08-01-02-01-18.wav,-34.257046,0.46608555,0.01640055
03-01-08-01-02-02-18.wav,-35.196964,0.45073742,0.0065481355
03-01-08-02-01-01-18.wav,-31.236788,0.39165464,0.016450055
03-01-08-02-01-02-18.wav,-32.35227,0.42721292,0.022195859
03-01-08-02-02-01-18.wav,-32.35006,0.36966887,0.03176367
03-01-08-02-02-02-18.wav,-30.871288,0.4539171,0.018330209
03-01-01-01-01-01-19.wav,-29.2211,0.55325794,0.003166986
03-01-01-01-01-02-19.wav,-29.121117,0.51951504,0.0028411027
03-01-01-01-02-01-19.wav,-28.958128,0.54047364,0.0025133856
03-01-01-01-02-02-19.wav,-29.716732,0.55533016,0.00389563
03-01-02-01-01-01-19.wav,-29.642273,0.5220574,0.0007179212
03-01-02-01-01-02-19.wav,-28.931904,0.5216523,0.0009474272
03-01-02-01-02-01-19.wav,-29.227623,0.5237141,0.0012494872
03-01-02-01-02-02-19.wav,-28.57205,0.5710881,0.00082987593
03-01-02-02-01-01-19.wav,-28.547329,0.4308203,0.003514882
03-01-02-02-01-02-19.wav,-26.537989,0.4936182,0.0025183083
03-01-02-02-02-01-19.wav,-28.427872,0.48552766,0.0017459915
03-01-02-02-02-02-19.wav,-28.343363,0.48181632,0.0027938832
03-01-03-01-01-01-19.wav,-28.575117,0.48816878,0.004773075
03-01-03-01-01-02-19.wav,-26.739632,0.5108265,0.009164939
03-01-03-01-02-01-19.wav,-28.172468,0.53361756,0.002935033
03-01-03-01-02-02-19.wav,-27.575476,0.547959,0.006460897
03-01-03-02-01-01-19.wav,-26.325258,0.4750611,0.01993805
03-01-03-02-01-02-19.wav,-26.640265,0.42776987,0.04378422
03-01-03-02-02-01-19.wav,-25.1342,0.44493875,0.08433947
03-01-03-02-02-02-19.wav,-26.865255,0.5070718,0.021858301
03-01-04-01-01-01-19.wav,-28.570114,0.5490607,0.0015188722
03-01-04-01-01-02-19.wav,-30.11386,0.58723384,0.0007353025
03-01-04-01-02-01-19.wav,-28.718405,0.49888837,0.0019909637
03-01-04-01-02-02-19.wav,-28.862566,0.5153399,0.0017676457
03-01-04-02-01-01-19.wav,-24.207668,0.5405771,0.05273833
03-01-04-02-01-02-19.wav,-28.407272,0.5646072,0.006127282
03-01-04-02-02-01-19.wav,-28.840187,0.5161621,0.0086640725
03-01-04-02-02-02-19.wav,-25.868212,0.51476485,0.01997431
03-01-05-01-01-01-19.wav,-25.281397,0.47972924,0.056477517
03-01-05-01-01-02-19.wav,-24.472385,0.5033631,0.04045983
03-01-05-01-02-01-19.wav,-27.032028,0.5052146,0.02589809
03-01-05-01-02-02-19.wav,-24.418947,0.56056076,0.055907696
03-01-05-02-01-01-19.wav,-22.702229,0.5115179,0.76056665
03-01-05-02-01-02-19.wav,-21.0955,0.45827377,1.8869231
03-01-05-02-02-01-19.wav,-19.668354,0.4367605,4.1659613
03-01-05-02-02-02-19.wav,-23.907284,0.5130766,0.7817259
03-01-06-01-01-01-19.wav,-28.980974,0.44582546,0.011007256
03-01-06-01-01-02-19.wav,-28.690903,0.5230665,0.0064506526
03-01-06-01-02-01-19.wav,-30.74618,0.46957985,0.00861035
03-01-06-01-02-02-19.wav,-28.04624,0.5097978,0.008344988
03-01-06-02-01-01-19.wav,-26.78617,0.38942683,0.107167885
03-01-06-02-01-02-19.wav,-25.032637,0.44310147,0.61003697
03-01-06-02-02-01-19.wav,-24.17645,0.4945451,0.28459364
03-01-06-02-02-02-19.wav,-21.117859,0.44536582,0.36892372
03-01-07-01-01-01-19.wav,-26.91358,0.50824934,0.0076928763
03-01-07-01-01-02-19.wav,-28.090248,0.5277622,0.004999981
03-01-07-01-02-01-19.wav,-26.576836,0.5096212,0.0058987546
03-01-07-01-02-02-19.wav,-30.085384,0.4677187,0.013506269
03-01-07-02-01-01-19.wav,-26.540762,0.4884149,0.03949581
03-01-07-02-01-02-19.wav,-26.509808,0.4448095,0.07345052
03-01-07-02-02-01-19.wav,-24.572403,0.46549365,0.23243116
03-01-07-02-02-02-19.wav,-21.999344,0.46934924,0.14431578
03-01-08-01-01-01-19.wav,-28.57055,0.51838046,0.005972739
03-01-08-01-01-02-19.wav,-29.512184,0.498208,0.0055224122
03-01-08-01-02-01-19.wav,-28.219374,0.5197106,0.0037622694
03-01-08-01-02-02-19.wav,-30.172674,0.6042,0.0020090821
03-01-08-02-01-01-19.wav,-27.191246,0.50653374,0.024351621
03-01-08-02-01-02-19.wav,-27.82575,0.49861094,0.024142778
03-01-08-02-02-01-19.wav,-25.892572,0.5509522,0.01851778
03-01-08-02-02-02-19.wav,-28.184402,0.59743094,0.0057623037
03-01-01-01-01-01-20.wav,-38.255287,0.38611627,0.0015451293
03-01-01-01-01-02-20.wav,-37.929077,0.37785435,0.0026995544
03-01-01-01-02-01-20.wav,-38.016796,0.35382196,0.0023129415
03-01-01-01-02-02-20.wav,-38.138416,0.3737151,0.0027240184
03-01-02-01-01-01-20.wav,-42.057827,0.38388866,0.00038533157
03-01-02-01-01-02-20.wav,-43.069283,0.35233766,0.0003524055
03-01-02-01-02-01-20.wav,-42.331264,0.3887753,0.00018886119
03-01-02-01-02-02-20.wav,-40.872475,0.36333784,0.00035797182
03-01-02-02-01-01-20.wav,-42.3098,0.37686205,0.00018452141
03-01-02-02-01-02-20.wav,-42.250427,0.34028792,0.0001374893
03-01-02-02-02-01-20.wav,-41.26952,0.3979948,0.00017931791
03-01-02-02-02-02-20.wav,-44.656788,0.36272648,0.000102777616
03-01-03-01-01-01-20.wav,-32.746777,0.35526288,0.047295246
03-01-03-01-01-02-20.wav,-35.57186,0.33728555,0.014683303
03-01-03-01-02-01-20.wav,-34.40266,0.4337808,0.013301309
03-01-03-01-02-02-20.wav,-36.883293,0.3576486,0.006662433
03-01-03-02-01-01-20.wav,-32.33998,0.3467209,0.11077576
03-01-03-02-01-02-20.wav,-28.997574,0.3548224,0.09226643
03-01-03-02-02-01-20.wav,-27.894598,0.36810413,0.3207825
03-01-03-02-02-02-20.wav,-25.953413,0.47488824,0.6916558
03-01-04-01-01-01-20.wav,-39.567245,0.4637494,0.00035073308
03-01-04-01-01-02-20.wav,-42.413166,0.37211943,0.00010690804
03-01-04-01-02-01-20.wav,-40.894577,0.37835702,0.0002043976
03-01-04-01-02-02-20.wav,-40.08639,0.39996406,0.00017977564
03-01-04-02-01-01-20.wav,-36.827236,0.4060567,0.0056487136
03-01-04-02-01-02-20.wav,-28.833899,0.43201327,0.12814201
03-01-04-02-02-01-20.wav,-38.278202,0.3789031,0.0032777928
03-01-04-02-02-02-20.wav,-31.095972,0.37226853,0.10244753
03-01-05-01-01-01-20.wav,-38.193012,0.36447403,0.0024157488
03-01-05-01-01-02-20.wav,-32.509903,0.3402246,0.03294828
03-01-05-01-02-01-20.wav,-35.924236,0.44318646,0.010601384
03-01-05-01-02-02-20.wav,-33.59405,0.45532686,0.052316383
03-01-05-02-01-01-20.wav,-24.649195,0.49971995,0.20497087
03-01-05-02-01-02-20.wav,-22.215456,0.4657549,2.2144036
03-01-05-02-02-01-20.wav,-20.967901,0.38662523,2.9190316
03-01-05-02-02-02-20.wav,-27.179674,0.48230407,0.20539097
03-01-06-01-01-01-20.wav,-38.36839,0.37733066,0.0024127176
03-01-06-01-01-02-20.wav,-39.12203,0.3977041,0.0031594376
03-01-06-01-02-01-20.wav,-39.674477,0.3763437,0.0014436606
03-01-06-01-02-02-20.wav,-40.61831,0.36387032,0.00064443
03-01-06-02-01-01-20.wav,-20.414185,0.40452912,1.7425424
03-01-06-02-01-02-20.wav,-19.66502,0.3962964,1.6808231
03-01-06-02-02-01-20.wav,-23.546392,0.4457206,3.019506
03-01-06-02-02-02-20.wav,-19.855566,0.35385618,3.5511348
03-01-07-01-01-01-20.wav,-35.56523,0.36649358,0.0067777717
03-01-07-01-01-02-20.wav,-34.72367,0.4139522,0.001588839
03-01-07-01-02-01-20.wav,-37.80713,0.39457992,0.002227749
03-01-07-01-02-02-20.wav,-37.967194,0.3618394,0.0021861184
03-01-07-02-01-01-20.wav,-34.22081,0.42282045,0.00541397
03-01-07-02-01-02-20.wav,-33.49296,0.4409522,0.025393907
03-01-07-02-02-01-20.wav,-33.251575,0.39755654,0.04852304
03-01-07-02-02-02-20.wav,-32.01959,0.40392298,0.03310127
03-01-08-01-01-01-20.wav,-36.589993,0.3484189,0.008827723
03-01-08-01-01-02-20.wav,-32.221313,0.37904727,0.024986418
03-01-08-01-02-01-20.wav,-38.06587,0.35913303,0.0046125813
03-01-08-01-02-02-20.wav,-36.64515,0.33223027,0.007137342
03-01-08-02-01-01-20.wav,-28.705578,0.36766094,0.09684462
03-01-08-02-01-02-20.wav,-37.516926,0.4040366,0.008542408
03-01-08-02-02-01-20.wav,-29.916805,0.43956244,0.057886668
03-01-08-02-02-02-20.wav,-34.82469,0.39878583,0.020716285
03-01-01-01-01-01-21.wav,-26.690832,0.51514345,0.022965653
03-01-01-01-01-02-21.wav,-25.390497,0.5266058,0.022234734
03-01-01-01-02-01-21.wav,-27.149702,0.5236756,0.026156012
03-01-01-01-02-02-21.wav,-27.340776,0.53638136,0.018223643
03-01-02-01-01-01-21.wav,-26.594084,0.5213998,0.009319524
03-01-02-01-01-02-21.wav,-26.409246,0.51603204,0.012911722
03-01-02-01-02-01-21.wav,-24.753237,0.5350828,0.011830421
03-01-02-01-02-02-21.wav,-25.04804,0.5126142,0.010478349
03-01-02-02-01-01-21.wav,-25.495712,0.5268438,0.008671468
03-01-02-02-01-02-21.wav,-26.117224,0.4886158,0.009229017
03-01-02-02-02-01-21.wav,-25.55397,0.4776384,0.015640926
03-01-02-02-02-02-21.wav,-26.568386,0.47608814,0.009750804
03-01-03-01-01-01-21.wav,-27.368996,0.50255543,0.034954783
03-01-03-01-01-02-21.wav,-26.346228,0.49413145,0.04367058
03-01-03-01-02-01-21.wav,-26.533287,0.46354866,0.06410925
03-01-03-01-02-02-21.wav,-28.09271,0.48733318,0.044422533
03-01-03-02-01-01-21.wav,-25.487595,0.48573843,0.20684826
03-01-03-02-01-02-21.wav,-26.092495,0.49326727,0.17621864
03-01-03-02-02-01-21.wav,-25.738262,0.482676,0.18816717
03-01-03-02-02-02-21.wav,-24.949408,0.47438124,0.2876601
03-01-04-01-01-01-21.wav,-29.562037,0.53889763,0.00525727
03-01-04-01-01-02-21.wav,-29.188272,0.5602763,0.0044459384
03-01-04-01-02-01-21.wav,-27.741596,0.5507541,0.008609147
03-01-04-01-02-02-21.wav,-28.60021,0.5536457,0.007636252
03-01-04-02-01-01-21.wav,-27.252626,0.4794585,0.09944603
03-01-04-02-01-02-21.wav,-27.555931,0.44481307,0.0916255
03-01-04-02-02-01-21.wav,-27.111866,0.48224962,0.051551104
03-01-04-02-02-02-21.wav,-27.118357,0.4992753,0.049536664
03-01-05-01-01-01-21.wav,-23.544523,0.4768146,0.44215086
03-01-05-01-01-02-21.wav,-23.543736,0.48447254,0.39297163
03-01-05-01-02-01-21.wav,-22.589462,0.48542288,0.7123886
03-01-05-01-02-02-21.wav,-23.85585,0.47696438,0.5500865
03-01-05-02-01-01-21.wav,-19.87002,0.4248324,2.249472
03-01-05-02-01-02-21.wav,-21.956978,0.43266532,1.6527351
03-01-05-02-02-01-21.wav,-21.968513,0.45234227,1.3493541
03-01-05-02-02-02-21.wav,-22.305696,0.47083116,1.4671862
03-01-06-01-01-01-21.wav,-26.137514,0.50008255,0.034867845
03-01-06-01-01-02-21.wav,-27.568443,0.5283544,0.03489091
03-01-06-01-02-01-21.wav,-27.395662,0.5136707,0.029157143
03-01-06-01-02-02-21.wav,-28.43597,0.52027774,0.04030878
03-01-06-02-01-01-21.wav,-25.480074,0.49314436,0.18586205
03-01-06-02-01-02-21.wav,-25.791348,0.4842064,0.17766885
03-01-06-02-02-01-21.wav,-25.151457,0.5330345,0.19392343
03-01-06-02-02-02-21.wav,-26.036913,0.5223788,0.1654358
03-01-07-01-01-01-21.wav,-26.57892,0.55754066,0.042775266
03-01-07-01-01-02-21.wav,-26.199514,0.53118676,0.04629879
03-01-07-01-02-01-21.wav,-26.88787,0.52405703,0.04231697
03-01-07-01-02-02-21.wav,-27.239553,0.57356185,0.04088745
03-01-07-02-01-01-21.wav,-25.797855,0.5302988,0.02020617
03-01-07-02-01-02-21.wav,-25.961143,0.55281365,0.026528055
03-01-07-02-02-01-21.wav,-26.455036,0.53361785,0.023962498
03-01-07-02-02-02-21.wav,-23.969074,0.5435526,0.0224702
03-01-08-01-01-01-21.wav,-27.482553,0.51025754,0.07712014
03-01-08-01-01-02-21.wav,-28.322344,0.5383027,0.06575925
03-01-08-01-02-01-21.wav,-28.61035,0.53477854,0.07112547
03-01-08-01-02-02-21.wav,-26.64609,0.52527565,0.10715029
03-01-08-02-01-01-21.wav,-26.53893,0.5078258,0.13198403
03-01-08-02-01-02-21.wav,-27.409046,0.5121641,0.12087597
03-01-08-02-02-01-21.wav,-27.613874,0.49511248,0.10635203
03-01-08-02-02-02-21.wav,-27.125948,0.5357142,0.09358511
03-01-01-01-01-01-22.wav,-34.788624,0.46763313,0.0027682316
03-01-01-01-01-02-22.wav,-34.521263,0.466249,0.004067871
03-01-01-01-02-01-22.wav,-34.897385,0.48111644,0.004073702
03-01-01-01-02-02-22.wav,-34.19316,0.45596063,0.0035262688
03-01-02-01-01-01-22.wav,-35.056126,0.46873438,0.0015246245
03-01-02-01-01-02-22.wav,-33.877396,0.46700397,0.0018545631
03-01-02-01-02-01-22.wav,-35.22147,0.4856644,0.0030795054
03-01-02-01-02-02-22.wav,-33.991646,0.46588275,0.0025770909
03-01-02-02-01-01-22.wav,-34.084923,0.47439447,0.0014179092
03-01-02-02-01-02-22.wav,-34.42203,0.49004012,0.0022494162
03-01-02-02-02-01-22.wav,-34.73986,0.45684528,0.0015999287
03-01-02-02-02-02-22.wav,-34.450737,0.45698676,0.0015532864
03-01-03-01-01-01-22.wav,-33.486683,0.44776338,0.008473054
03-01-03-01-01-02-22.wav,-35.314373,0.48073637,0.00850226
03-01-03-01-02-01-22.wav,-34.44567,0.49735636,0.009697915
03-01-03-01-02-02-22.wav,-33.841167,0.47035226,0.010165304
03-01-03-02-01-01-22.wav,-30.050823,0.46883067,0.1368419
03-01-03-02-01-02-22.wav,-30.011612,0.43466958,0.10501766
03-01-03-02-02-01-22.wav,-29.95029,0.4811858,0.11405392
03-01-03-02-02-02-22.wav,-31.36931,0.43624142,0.08248203
03-01-04-01-01-01-22.wav,-33.45416,0.4838939,0.004811697
03-01-04-01-01-02-22.wav,-33.99983,0.44446328,0.006988938
03-01-04-01-02-01-22.wav,-34.04494,0.45381066,0.006983146
03-01-04-01-02-02-22.wav,-33.52644,0.4383098,0.009555241
03-01-04-02-01-01-22.wav,-33.49163,0.4573528,0.007945839
03-01-04-02-01-02-22.wav,-33.139603,0.4542003,0.014186118
03-01-04-02-02-01-22.wav,-34.426037,0.44040143,0.011099994
03-01-04-02-02-02-22.wav,-33.579914,0.4602522,0.012955819
03-01-05-01-01-01-22.wav,-31.06654,0.4645205,0.018851634
03-01-05-01-01-02-22.wav,-31.797722,0.49035951,0.020620823
03-01-05-01-02-01-22.wav,-31.582983,0.45507148,0.03177103
03-01-05-01-02-02-22.wav,-30.910109,0.45626298,0.049418684
03-01-05-02-01-01-22.wav,-28.8989,0.478593,0.22554924
03-01-05-02-01-02-22.wav,-29.244291,0.4768277,0.23134951
03-01-05-02-02-01-22.wav,-27.87192,0.45644152,0.6291936
03-01-05-02-02-02-22.wav,-29.094938,0.46339792,0.54221237
03-01-06-01-01-01-22.wav,-33.021862,0.44002476,0.02476525
03-01-06-01-01-02-22.wav,-31.951971,0.462209,0.033276614
03-01-06-01-02-01-22.wav,-32.72769,0.45238632,0.026899166
03-01-06-01-02-02-22.wav,-32.40694,0.4577297,0.028167244
03-01-06-02-01-01-22.wav,-30.225523,0.41501543,0.13469332
03-01-06-02-01-02-22.wav,-29.721844,0.46052212,0.13279349
03-01-06-02-02-01-22.wav,-30.923246,0.47888413,0.16707243
03-01-06-02-02-02-22.wav,-29.128263,0.47437152,0.217714
03-01-07-01-01-01-22.wav,-32.19072,0.48240054,0.014784703
03-01-07-01-01-02-22.wav,-33.389122,0.47688735,0.010951716
03-01-07-01-02-01-22.wav,-33.04789,0.47126788,0.015688485
03-01-07-01-02-02-22.wav,-32.00174,0.46133128,0.020547254
03-01-07-02-01-01-22.wav,-31.295591,0.4559006,0.024713933
03-01-07-02-01-02-22.wav,-31.6597,0.46975797,0.03510978
03-01-07-02-02-01-22.wav,-32.723637,0.44727087,0.03327835
03-01-07-02-02-02-22.wav,-31.542686,0.43878242,0.047365893
03-01-08-01-01-01-22.wav,-32.152817,0.5125054,0.030555949
03-01-08-01-01-02-22.wav,-32.273678,0.5181132,0.040566467
03-01-08-01-02-01-22.wav,-32.39142,0.4831999,0.03715073
03-01-08-01-02-02-22.wav,-31.248255,0.46337807,0.058946487
03-01-08-02-01-01-22.wav,-31.983576,0.5037454,0.040072773
03-01-08-02-01-02-22.wav,-29.64891,0.4538711,0.07284651
03-01-08-02-02-01-22.wav,-29.679087,0.45541662,0.123581745
03-01-08-02-02-02-22.wav,-31.373232,0.46680114,0.07827918
03-01-01-01-01-01-23.wav,-31.047443,0.53170484,0.014167586
03-01-01-01-01-02-23.wav,-28.474316,0.5295179,0.0187844
03-01-01-01-02-01-23.wav,-31.43106,0.5432908,0.02154883
03-01-01-01-02-02-23.wav,-30.60703,0.4464079,0.021352073
03-01-02-01-01-01-23.wav,-31.3797,0.56223637,0.0050029014
03-01-02-01-01-02-23.wav,-32.73199,0.51268816,0.0042644413
03-01-02-01-02-01-23.wav,-31.907717,0.50991744,0.010327914
03-01-02-01-02-02-23.wav,-31.862753,0.5295071,0.007667964
03-01-02-02-01-01-23.wav,-31.337566,0.5305503,0.0062366514
03-01-02-02-01-02-23.wav,-31.522894,0.5379075,0.005043557
03-01-02-02-02-01-23.wav,-31.86676,0.54283357,0.005837821
03-01-02-02-02-02-23.wav,-31.242512,0.50355184,0.010324644
03-01-03-01-01-01-23.wav,-33.545628,0.47526434,0.02093203
03-01-03-01-01-02-23.wav,-30.769918,0.5527029,0.054119736
03-01-03-01-02-01-23.wav,-32.105618,0.4442694,0.029904038
03-01-03-01-02-02-23.wav,-31.707455,0.43267924,0.027526839
03-01-03-02-01-01-23.wav,-29.369387,0.51120335,0.23607421
03-01-03-02-01-02-23.wav,-29.598341,0.3612674,0.2591467
03-01-03-02-02-01-23.wav,-30.044247,0.3719316,0.20841606
03-01-03-02-02-02-23.wav,-30.70482,0.45423838,0.14746127
03-01-04-01-01-01-23.wav,-33.75333,0.38363048,0.0047638905
03-01-04-01-01-02-23.wav,-32.60401,0.41360804,0.0059782965
03-01-04-01-02-01-23.wav,-30.8272,0.5308703,0.009954934
03-01-04-01-02-02-23.wav,-30.909714,0.41684264,0.010555939
03-01-04-02-01-01-23.wav,-28.263247,0.44342914,0.022427142
03-01-04-02-01-02-23.wav,-30.420643,0.516973,0.013869794
03-01-04-02-02-01-23.wav,-32.614613,0.46141267,0.008909835
03-01-04-02-02-02-23.wav,-27.528933,0.49021056,0.012859115
03-01-05-01-01-01-23.wav,-29.926983,0.5478552,0.12671986
03-01-05-01-01-02-23.wav,-29.188656,0.37003303,0.13695815
03-01-05-01-02-01-23.wav,-29.749243,0.5024607,0.1191791
03-01-05-01-02-02-23.wav,-30.926563,0.5044348,0.10898571
03-01-05-02-01-01-23.wav,-24.31331,0.5389456,1.054728
03-01-05-02-01-02-23.wav,-25.501144,0.5350425,0.9989594
03-01-05-02-02-01-23.wav,-23.268492,0.55606556,1.8837324
03-01-05-02-02-02-23.wav,-24.167566,0.5328065,1.4354564
03-01-06-01-01-01-23.wav,-29.710098,0.46819314,0.020205751
03-01-06-01-01-02-23.wav,-32.93561,0.50764006,0.0068643964
03-01-06-01-02-01-23.wav,-31.653234,0.54519004,0.014779381
03-01-06-01-02-02-23.wav,-33.508625,0.39654502,0.010809017
03-01-06-02-01-01-23.wav,-29.017256,0.46769205,0.08954411
03-01-06-02-01-02-23.wav,-29.638432,0.40464854,0.08255575
03-01-06-02-02-01-23.wav,-28.99861,0.48447195,0.16866694
03-01-06-02-02-02-23.wav,-28.79267,0.32349437,0.08941703
03-01-07-01-01-01-23.wav,-30.153267,0.4756864,0.008586331
03-01-07-01-01-02-23.wav,-31.08927,0.57332635,0.0073096077
03-01-07-01-02-01-23.wav,-32.544968,0.5421133,0.0061018374
03-01-07-01-02-02-23.wav,-32.5344,0.5629025,0.008231359
03-01-07-02-01-01-23.wav,-28.676085,0.41720152,0.04882424
03-01-07-02-01-02-23.wav,-28.69266,0.4503626,0.03334638
03-01-07-02-02-01-23.wav,-29.303207,0.46129677,0.04465767
03-01-07-02-02-02-23.wav,-30.117796,0.3887652,0.029869523
03-01-08-01-01-01-23.wav,-30.442602,0.5514476,0.07915554
03-01-08-01-01-02-23.wav,-30.085659,0.55172133,0.06777746
03-01-08-01-02-01-23.wav,-28.757591,0.5399595,0.109742574
03-01-08-01-02-02-23.wav,-29.761003,0.5583755,0.119533725
03-01-08-02-01-01-23.wav,-29.128689,0.5386906,0.13388497
03-01-08-02-01-02-23.wav,-29.575336,0.5581004,0.17256556
03-01-08-02-02-01-23.wav,-29.5207,0.52733684,0.2515235
03-01-08-02-02-02-23.wav,-29.569483,0.54346883,0.16898306
03-01-01-01-01-01-24.wav,-37.911842,0.37280327,0.004137824
03-01-01-01-01-02-24.wav,-38.360634,0.43067697,0.0035301668
03-01-01-01-02-01-24.wav,-36.83447,0.40179694,0.005178404
03-01-01-01-02-02-24.wav,-37.10697,0.43560198,0.008107667
03-01-02-01-01-01-24.wav,-40.000427,0.38362163,0.0011415476
03-01-02-01-01-02-24.wav,-39.805733,0.34683517,0.0012887752
03-01-02-01-02-01-24.wav,-38.2827,0.452805,0.0012218864
03-01-02-01-02-02-24.wav,-36.764,0.42263782,0.0030079829
03-01-02-02-01-01-24.wav,-37.657383,0.39288813,0.004442268
03-01-02-02-01-02-24.wav,-36.97258,0.33759567,0.0019037429
03-01-02-02-02-01-24.wav,-38.30283,0.39952695,0.0022285746
03-01-02-02-02-02-24.wav,-37.445515,0.45073313,0.0027198333
03-01-03-01-01-01-24.wav,-36.506233,0.4007334,0.007576251
03-01-03-01-01-02-24.wav,-35.818386,0.38599223,0.0067994385
03-01-03-01-02-01-24.wav,-36.68974,0.42615053,0.0068318653
03-01-03-01-02-02-24.wav,-35.192314,0.39716074,0.019756755
03-01-03-02-01-01-24.wav,-30.048487,0.40493137,0.061373148
03-01-03-02-01-02-24.wav,-28.222584,0.35805252,0.07374581
03-01-03-02-02-01-24.wav,-32.301434,0.3907525,0.06579185
03-01-03-02-02-02-24.wav,-29.396566,0.3896339,0.18373713
03-01-04-01-01-01-24.wav,-36.29503,0.40388405,0.0025471323
03-01-04-01-01-02-24.wav,-36.652866,0.38070184,0.0013468376
03-01-04-01-02-01-24.wav,-38.186417,0.36765504,0.00583366
03-01-04-01-02-02-24.wav,-35.770023,0.3973029,0.0029584647
03-01-04-02-01-01-24.wav,-32.15207,0.43728614,0.045174133
03-01-04-02-01-02-24.wav,-30.668633,0.411621,0.018433403
03-01-04-02-02-01-24.wav,-32.60972,0.3813282,0.02094751
03-01-04-02-02-02-24.wav,-35.85624,0.3571582,0.0040072585
03-01-05-01-01-01-24.wav,-29.132479,0.3320724,0.13063946
03-01-05-01-01-02-24.wav,-29.238453,0.3897903,0.16622329
03-01-05-01-02-01-24.wav,-29.56417,0.4153775,0.11043289
03-01-05-01-02-02-24.wav,-29.282608,0.40810218,0.17150272
03-01-05-02-01-01-24.wav,-26.244558,0.35717046,0.6331855
03-01-05-02-01-02-24.wav,-27.7728,0.35660234,0.33335504
03-01-05-02-02-01-24.wav,-28.210732,0.41248676,0.17505246
03-01-05-02-02-02-24.wav,-29.452639,0.38185796,0.21853201
03-01-06-01-01-01-24.wav,-28.80419,0.40777162,0.10842541
03-01-06-01-01-02-24.wav,-28.07011,0.38502675,0.07516425
03-01-06-01-02-01-24.wav,-30.827236,0.4158304,0.09757577
03-01-06-01-02-02-24.wav,-29.837831,0.4644941,0.06221128
03-01-06-02-01-01-24.wav,-25.768578,0.3420882,0.7423121
03-01-06-02-01-02-24.wav,-26.72356,0.4574109,0.25601655
03-01-06-02-02-01-24.wav,-26.494862,0.33417466,0.71892154
03-01-06-02-02-02-24.wav,-26.806765,0.32700482,1.0640277
03-01-07-01-01-01-24.wav,-33.85477,0.31619236,0.016256116
03-01-07-01-01-02-24.wav,-31.942379,0.41295302,0.021017127
03-01-07-01-02-01-24.wav,-33.90917,0.4144339,0.021924833
03-01-07-01-02-02-24.wav,-32.67764,0.41804233,0.026752532
03-01-07-02-01-01-24.wav,-33.45654,0.5038898,0.005010767
03-01-07-02-01-02-24.wav,-29.705261,0.40324238,0.075908035
03-01-07-02-02-01-24.wav,-31.492823,0.44614547,0.10167431
03-01-07-02-02-02-24.wav,-31.741901,0.4161341,0.07670765
03-01-08-01-01-01-24.wav,-36.184235,0.36444724,0.00420737
03-01-08-01-01-02-24.wav,-31.956036,0.41336057,0.040977206
03-01-08-01-02-01-24.wav,-33.29256,0.40838566,0.024302596
03-01-08-01-02-02-24.wav,-33.52267,0.42762136,0.036160916
03-01-08-02-01-01-24.wav,-29.904543,0.45026037,0.08604262
03-01-08-02-01-02-24.wav,-30.674967,0.4219161,0.058880523
03-01-08-02-02-01-24.wav,-26.696991,0.4255824,0.086912185
03-01-08-02-02-02-24.wav,-27.070211,0.47441682,0.092359826
